Surface sensible+latent heat flux (Wm**-2),Surface downwelling shortwave flux (Wm**-2),Surface downwelling longwave flux (Wm**-2),Sea level pressure (hPa),Total precipitation (mm/day),Relative humidity averaged 1000-300hPa (%),U wind at 10 m (m s**-1),V wind at 10 m (m s**-1),TotalArc,Total cloud cover (%),Total column cloud water (g m**-2),GH_mean
-14.51574644,3.397133878,188.5664736,1019.8074039999999,0.858821485,72.95073997,-0.309647671,-0.30869020199999997,15053607.0,84.54334285,39.07062064,5880.449751666667
-11.15538535,18.95397053,194.3819669,1013.9528640000001,0.8317773690000001,73.5216697,0.717917742,0.132609968,16074814.0,83.16700118,39.98427963,5861.477612999999
-15.8244419,71.86987645,197.2698906,1018.9006619999999,0.669739451,74.49936484,-0.21800509899999998,-0.22979527,16207072.0,81.49018602,34.14365724,5912.337135333334
-24.11621851,159.062774,216.4524585,1016.8643189999999,0.776845542,71.98254998,-0.188627425,-0.334186323,15546525.0,79.28469243,41.75753118,5984.780309333334
-31.23007666,225.0846148,260.7008786,1017.9700330000001,0.8408394140000001,68.85145378,-1.038647567,-0.6113753789999999,14080852.0,80.42028697,63.75254192,6128.435629333333
-42.63528197,248.960398,287.7266919,1010.694698,1.144306622,68.68565392,0.20958402899999998,-0.080660628,12372595.0,74.50238049,79.67650036,6196.586588666666
-41.33517217,196.1127406,308.73208660000006,1011.741133,1.339466384,69.91782659,-0.453901575,-0.367230089,10433081.0,79.97203334,108.74859840000002,6258.562161666666
-33.58999905,138.10551809999998,300.8261472,1012.249664,1.428238539,70.36441084,0.40044040399999997,-0.061187372999999996,8082016.0,78.03896091,107.6503726,6231.252685666666
-24.48322946,72.49582459999999,275.8175201,1011.8163710000001,1.295853194,73.19855362,0.295046745,-0.107472095,7856976.0,80.76476407,85.89020918,6110.725603666669
-22.44311996,25.09479985,247.13436719999999,1012.156124,1.208259831,74.08802576,-0.046088494,-0.338026981,9485305.0,83.98118164,67.6964825,6016.660310333333
-22.2250324,5.490393063,202.64454609999999,1013.9310199999999,1.001669044,76.52656729,-0.868511296,-0.661233659,11721403.0,83.82332705,43.31255744,5882.369007333334
-21.26919812,1.349911123,188.9940521,1015.0681800000001,0.917120598,74.79963120000001,0.278729917,-0.213972429,13752372.0,83.07042432,38.3139036,5840.983108666667
-19.53082878,3.2668462480000002,200.15734609999998,1009.182876,1.0532360790000002,74.99719443,0.948451452,0.101154707,15109158.0,86.45997740000001,46.45834994,5818.8759156666665
-16.73342981,19.33194901,191.3423314,1015.095326,0.9008966359999999,74.26017923,0.6984344579999999,0.10497920599999999,15748975.0,82.76803217,38.85977265,5849.295714
-24.09576268,70.61038445,195.8419806,1016.74441,0.748769342,72.20378478,-1.27620604,-0.927729082,15703794.0,80.07820284,34.7148648,5911.1454650000005
-22.97025258,155.7289384,221.8931614,1014.502159,0.834089758,73.43405157,-0.168907127,-0.192096422,15192945.0,80.16061493,45.29211696,5960.676167666667
-29.71639276,232.27505159999998,257.0879841,1013.881174,0.898755726,69.11463537,0.020337703000000002,-0.213359278,13921115.0,77.16767464,58.78244138,6093.627523
-43.35783321,241.1450756,290.9026417,1012.965212,1.267868442,68.0736111,-0.356220964,-0.325761254,12621552.0,76.18232893,88.47374765,6212.650323999999
-41.3308979,197.8859244,307.3828853,1009.039021,1.5150871369999999,70.3596287,0.411669147,-0.010436832,10667981.0,78.62420944,113.1999903,6245.932875333335
-32.16029632,136.80307290000002,303.3277888,1011.42785,1.509377807,70.50260205,0.576080513,0.046416997,7886965.0,78.77910838,110.7849466,6238.932629333333
-22.43742957,68.46061882,280.6191497,1014.881958,1.3297364329999999,74.35168097,-0.49625383100000003,-0.44020232299999995,7250748.0,83.95252274,97.07859011,6142.776314333332
-24.04940551,24.82233921,250.43427180000003,1017.2646689999999,1.280415123,75.09808917,-0.913912697,-0.602139152,9214381.0,85.99158696,73.36696177,6048.193736333334
-20.09514706,5.48541622,218.73887349999998,1012.893394,1.084681761,75.31918906,0.223557061,-0.14669319,11206113.0,85.14210868,51.42969754,5921.321634333333
-20.78824408,1.321941712,195.64642130000001,1012.801285,0.9260285909999999,73.6061288,-0.585375484,-0.461877251,13776309.0,84.01101206,40.4845387,5851.630109999999
-15.57489602,3.557366736,178.6328185,1016.5169080000001,0.815921709,73.40586312,-0.04615756,-0.283784045,15340865.0,81.84980226,35.36633118,5831.491737666667
-9.135404876,18.86507134,192.5083375,1013.403876,0.921531201,76.65030957,0.571776673,0.24357241,16135234.0,83.9123404,42.83761904,5844.433821999999
-14.65196211,70.89868536,192.5848925,1013.9967550000001,0.76076179,74.71226015,0.17941017899999998,-0.01666529,16227629.0,80.56922856,35.10115126,5854.447474333333
-22.18168701,155.8547492,218.20019900000003,1012.219036,0.9214587259999999,73.84549173,0.303134355,-0.092669341,15624536.0,80.72254092,44.48347553,5944.578183999999
-33.10286171,230.4512603,252.5627596,1018.0398349999999,0.885436071,70.39467378,-0.798846278,-0.530277187,14180382.0,80.05637402,58.910689399999995,6100.258145
-43.06064148,246.22704649999997,287.43743989999996,1014.577152,1.1289680990000002,69.08410417,-0.818244517,-0.510312115,12749741.0,77.30834891,79.55127196,6214.152705333334
-44.02141326,210.32832459999997,306.2621134,1010.436735,1.354149029,68.37369156,0.510834635,0.030484921,10805880.0,73.93840535,96.95102447,6260.440605
-32.35790624,137.129269,299.8962479,1011.126931,1.4381145569999998,70.90782889,0.134883505,-0.16930606899999998,8300662.0,78.47877907,107.24746110000001,6213.547850999999
-26.44055697,71.99457812,275.29861150000005,1010.250576,1.50695139,73.89483104,0.34088886399999996,-0.12000129,7454783.0,81.6907671,89.43627091,6088.910148666667
-21.19172114,25.54387578,241.02140079999998,1013.659163,1.220897873,76.67238661,-0.33009150600000003,-0.276351759,10019317.0,85.95510153,67.04185255,5990.501313000001
-20.94436049,5.68507614,206.96421619999998,1011.6868630000001,1.1055298709999999,75.74407296,-0.531049572,-0.38358792799999997,11959292.0,85.43980819,49.41077728,5872.486449
-19.67873651,1.323769013,196.1421735,1008.935783,1.0366769470000001,75.81700289,-0.325597501,-0.295890257,13871330.0,85.73376331,42.6470908,5809.122391333334
-20.799301899999996,3.333267479,188.4890043,1009.456253,0.9944782320000001,76.03030371,0.10459809099999999,0.010553011000000001,15159948.0,86.47827692,40.42464069,5777.618011
-17.66007029,18.52487745,187.3122605,1015.751657,0.835562996,74.3359598,0.584646639,0.128013288,16095113.0,84.47954565,38.38763372,5840.649745
-18.65336593,68.09775903,198.3252538,1016.0834570000001,0.786359219,71.4223652,0.09325431599999999,-0.15000970000000002,16185533.0,79.49663915,37.95815536,5904.469407
-25.61976331,150.97759299999998,218.13842250000002,1019.3020630000001,0.802127947,71.23775236,-0.8665075040000001,-0.597106967,15363742.0,81.08649401,44.75613079,5998.708834
-30.54978034,228.0055149,252.49467239999998,1017.409829,0.769373552,69.44132128,-0.631009456,-0.563806988,13566764.0,79.23667319,56.84943681,6099.229378666668
-43.6329001,252.38808889999999,284.51151160000006,1011.460485,1.183585037,67.83266899,0.7703135870000001,0.045889327,12387795.0,71.44336924,75.66692745,6193.169708999999
-42.17932696,197.5805091,308.95707180000005,1010.016536,1.4412467519999999,69.82646985,0.22555572399999999,-0.04537705400000001,10945685.0,77.65641745,108.5710131,6259.374412
-31.37356153,131.5441601,303.0158415,1007.6421789999999,1.651146871,72.84845744,0.717900016,0.14613632,8392355.0,80.63466832,116.73695829999998,6199.763262666666
-24.74518231,70.11282674,278.9560785,1012.1472859999999,1.419697802,73.75692545,-0.015442653,-0.293878579,7540600.0,81.83813997,95.6163042,6118.188249
-25.68473988,25.2496859,241.9386245,1009.157464,1.365974159,76.99222597,0.184204332,-0.19936295899999998,9689444.0,84.95474998,68.18638307,5955.3546590000005
-24.4238663,5.5692748629999995,213.2713672,1010.1171,1.115466424,76.02835463,-0.329923065,-0.40320201,11677528.0,85.81493377,49.32633016,5880.124938333333
-15.93645136,1.329928087,196.2662195,1011.9931019999999,0.9754634659999999,75.12084428,0.044066087999999996,-0.16090961,13487417.0,82.67558977,42.37390443,5845.41243
-15.13971389,3.356986142,192.1716763,1012.683515,0.8709315190000001,76.45026843,0.398888257,0.213334954,14691196.0,85.41896285,37.74164046,5803.904061
-12.87054486,19.12793798,187.8336602,1016.144693,0.8608445920000001,75.04499404,0.8720996459999999,0.510340019,15424012.0,83.35132519999999,39.60609241,5844.311682999999
-18.676134,71.46881852,193.8619928,1020.948767,0.6781666279999999,72.43169226,0.175937135,-0.14534008699999998,15716599.0,78.36944166,34.14690299,5928.724055666667
-22.73976801,160.0835803,211.91425530000004,1017.1619910000001,0.805562255,69.96913926,-0.290736003,-0.197539889,15226124.0,77.67648747,41.04414165,5977.099672
-33.77448844,230.7498023,256.51088,1013.978323,0.885342346,68.99827406,0.25282279399999996,-0.10174444699999999,13700707.0,76.69579112,59.51219476,6089.261027333333
-44.96045752,244.8295784,290.80783219999995,1012.340617,1.23369655,67.9907542,-0.147501952,-0.271702512,12253081.0,74.992399,82.50034614,6211.531813666666
-41.74362445,198.95501299999998,311.22432599999996,1010.9588349999999,1.4441246330000002,69.41443002,-0.016033883,-0.16260168,10217529.0,77.15224086,109.13326229999998,6273.730645333333
-31.68440042,130.5250193,302.7470285,1008.669227,1.650831247,72.17056883,0.542655831,0.101392539,7938903.0,81.15348496,115.60858590000002,6204.8593586666675
-21.98449236,70.00956334,279.8605241,1012.6167449999999,1.302838124,73.92540365,0.055450039000000007,-0.232628168,7111240.0,81.40076057,93.19256968,6129.800026
-22.17775923,24.87229772,247.647208,1014.050468,1.2024446579999999,74.93032611,-0.45843248799999997,-0.434600191,8870272.0,84.70345949,71.10590148,6019.962691
-21.69210113,5.563406657000001,210.15593819999998,1013.796101,0.9455570879999999,76.28761558,-0.5919527139999999,-0.33663564700000004,11319686.0,85.24483095,47.74930579,5897.522672
-14.070724800000002,1.319845146,198.4210875,1011.555108,1.071692481,75.78373001,0.472885909,0.39143026799999997,13213142.0,86.45366072,48.70668588,5841.305794666667
-17.96761164,3.4622135989999996,190.6911699,1018.175441,0.801680672,72.35925032,-0.681387298,-0.6311318229999999,14963667.0,82.77900476,36.14370149,5902.939061
-16.92083866,20.09319823,183.16474399999998,1022.7149529999999,0.7592279820000001,74.26712511,0.091238131,-0.031071564,15771314.0,81.2775683,33.68149528,5894.256825
-20.96741853,71.11420251,193.04429240000002,1013.711726,0.801909992,74.41751395,0.325141884,0.014873553999999999,16137266.0,81.40036634,37.05725819,5853.175342
-27.01763355,160.0840169,211.7194626,1015.669513,0.742744271,71.74473006,-0.582529259,-0.507544401,15407986.0,79.98541365,38.27299604,5953.0558163333335
-29.08995089,228.87567740000003,257.3379192,1015.937727,0.852776602,69.90522076,-0.929197231,-0.575660531,14260927.0,80.01476604,60.42948224,6108.046035333334
-43.92456226,249.1007495,289.26818419999995,1013.343332,1.053604332,66.98523087,-0.341538079,-0.382618513,12445600.0,74.07094672,75.41639392,6211.822624666667
-41.12848357,199.79119780000002,307.7652043,1012.2320589999999,1.328394437,68.55747688,-0.5396142820000001,-0.407300833,10158967.0,78.04496501,104.06770420000001,6266.699674
-33.1790002,136.8348912,300.9969147,1011.519819,1.535066644,71.08773316,-0.195696985,-0.25988658,7504422.0,79.40761033,106.7230517,6213.206682
-22.32025543,71.09447708,278.9314487,1012.0029619999999,1.4630575069999998,73.7556988,0.152402813,-0.22759580399999998,6935105.0,81.06373313,91.7216882,6122.088678666667
-22.49676648,24.99039264,243.22227569999998,1009.947859,1.332761388,76.00006645,0.397327463,-0.053045990999999994,8915441.0,85.05302326,68.13841433,5971.629269666667
-21.40504923,5.501513071000001,216.70373909999998,1016.483208,1.165334072,74.65486976,-0.112161025,-0.238255418,11417014.0,84.30427066,53.79536376,5951.421112333333
-20.55324285,1.2829428459999999,199.436222,1017.615391,0.90633141,73.93597554,-1.628848139,-1.021780472,13249869.0,84.54465437,38.98109979,5909.522302
-17.29494074,3.420176863,183.8595625,1014.2985570000001,0.808842849,75.46073275,-0.450239424,-0.437710885,15119253.0,85.04811599,34.21688935,5819.7189419999995
-11.39795424,19.44744861,190.71842019999997,1018.209628,0.732788972,74.32760885,0.256406409,-0.030373451,15987907.0,81.89600999,35.96825148,5873.990073
-16.53866592,70.43162346,192.665458,1008.250034,0.8170961090000001,73.58097024,1.18877113,0.373436473,16163104.0,80.10643664,37.70839891,5813.453335333333
-25.75333667,156.21408590000001,216.32211459999996,1016.985101,0.817433071,71.06887309999999,0.129737691,-0.22168792899999998,15228300.0,79.75073419,43.268406799999994,5971.933502666667
-29.49129332,225.66161380000003,258.4926889,1014.6622980000001,0.895068043,71.27684679,-0.748081016,-0.448828302,13545526.0,80.39792940000001,63.25975387,6094.374479333333
-40.82693186,247.5172665,288.04995279999997,1009.4281,1.142740237,68.49978782,0.568227238,0.096137181,12139090.0,75.5463373,80.50036372,6184.972652333334
-41.64143567,202.061698,307.6560025,1011.513753,1.4047142730000002,69.49276917,-0.044677535,-0.201545593,10496259.0,77.65304203,105.7922087,6259.690005
-32.35314517,135.4480391,300.3629507,1012.1230699999999,1.552375988,71.91362511,-0.086400152,-0.268039819,8044575.0,80.53224861,111.00733600000001,6210.657751333333
-24.29870696,71.68626057,275.0450185,1011.6063550000001,1.5294917209999999,75.35064918,0.384314184,-0.123681952,7553857.0,82.55387436,90.02222859,6098.746249666667
-19.37937654,26.08828747,242.22389950000002,1008.2438289999999,1.342575076,75.69441309,0.753331132,0.200304111,9922179.0,84.57219283,67.99897370000001,5962.327094333334
-19.50096907,5.538497082,216.6053223,1011.697116,1.104940086,77.23452048,-0.135186675,-0.181998059,11811566.0,86.12729266,52.93433936,5890.308271666668
-19.884345,1.339627442,191.394775,1010.530875,0.96781442,74.12637112,-0.327104346,-0.25930606,13456959.0,84.44592547,39.42764382,5811.598186
-16.38586956,3.3594029080000003,187.7425834,1012.2700039999999,0.910411029,75.33663945,0.212325595,0.171571862,15277015.0,85.72599134,40.85610918,5823.420808
-19.05947672,18.99476289,182.4971316,1017.302673,0.7560467809999999,74.4246806,-0.478901055,-0.320581414,16209585.0,82.82319603,33.58524255,5867.918140000001
-18.26035476,71.25764681,190.3986495,1020.07968,0.7394619370000001,71.82518676,-0.078941233,-0.164977962,16017587.0,77.9237708,33.58147733,5916.605695333333
-21.96476716,158.50184040000002,214.7994639,1014.8408519999999,0.76054881,71.39119124,-0.36022241,-0.288025767,15384298.0,78.35992052,39.38033291,5965.000993999999
-30.26627904,229.74160600000002,255.42220719999997,1014.492339,0.881866185,70.93907751,-0.525540705,-0.40838994799999995,13845327.0,80.07961795,58.99881363,6087.503140666667
-40.12438732,244.1940094,288.830537,1013.2343710000001,1.1753769109999999,68.42179492,-0.880901824,-0.5405982189999999,12612457.0,77.92395798,83.23886101,6211.513012333334
-42.21266289,203.55295080000002,308.566,1011.750225,1.317041558,69.35519091,0.064103996,-0.145851566,10814849.0,77.09965133,102.8862369,6272.016480333333
-32.23451444,135.8307846,301.65838130000003,1014.0537109999999,1.4063351069999999,71.14353596,-0.142442016,-0.32955035,7717180.0,79.534758,106.6112187,6238.971261666667
-24.96686881,73.86785595,273.2142756,1011.0793980000001,1.2963252920000001,73.33788456,0.109429112,-0.29921418899999996,7512706.0,80.65906724,84.35508734,6092.446923333334
-18.37406689,25.48451864,245.9683585,1011.402147,1.278406189,75.1937993,0.576716621,0.084529047,9331817.0,84.61098215,70.89263506,6012.291899666667
-20.15552716,5.6810023439999995,206.8041408,1014.8792210000001,0.9811676029999999,76.72953641,0.102027218,-0.181204852,11590097.0,85.18840135,47.56203367,5908.857374
-20.83831126,1.2974223459999998,194.2202772,1012.426354,0.9474149159999999,76.19409119,-0.824426896,-0.500628502,13009546.0,86.02914309,43.80722559,5861.057384333334
-15.62071146,3.314909472,188.2623933,1010.4892369999999,0.8524380290000001,74.85333271,0.198838977,-0.061901697,15188190.0,83.39775507,38.53018001,5804.7537243333345
-10.80848203,19.15703209,190.8729745,1016.8828900000001,0.8073559090000001,73.84746256,0.09414835099999999,-0.11952157699999999,15732702.0,81.64199371,37.62188039,5863.5656069999995
-17.12278761,71.49756866,196.49731069999999,1016.802387,0.660786552,73.31462779,0.246195131,-0.251453965,16231491.0,79.83277882,35.09286935,5890.04396
-27.90151013,160.2560771,214.41265660000002,1015.912858,0.8360048590000001,70.87607338,-0.5419640729999999,-0.532454481,15315907.0,77.96995929,42.64006361,5954.545498
-30.63654964,228.2474463,260.6303892,1017.8300300000001,0.853204252,67.39355515,-1.178376389,-0.7204827779999999,13750518.0,78.80859392,61.77154029,6136.383297666667
-41.83590067,241.7417496,292.3910796,1010.9257060000001,1.238759268,68.40190843,0.270174405,-0.013681456000000002,12113514.0,76.84630146,87.6526219,6209.748667333333
-43.14516163,207.14667849999998,310.300608,1011.263285,1.4016066569999999,67.59435167,-0.151544271,-0.22430714300000001,10115785.0,74.80600501,101.3223603,6286.842646333334
-30.34219426,131.3317066,304.37185619999997,1008.9831740000001,1.568703751,71.72813896,0.013463619,-0.154210031,7985808.0,80.41971438,115.686595,6216.376443666667
-23.53374624,70.11358295,279.938539,1008.5227189999999,1.4773155669999998,74.20022324,1.0173366,0.169091959,7529886.0,80.69856866,93.87835892,6102.669396333334
-21.69194295,25.19118633,242.7365136,1010.367656,1.299312971,74.55770989,0.5999604129999999,0.011554623,9508883.0,82.75996347,65.19565942,5982.4745386666655
-21.27577051,5.3852084929999995,207.44315419999998,1011.5228689999999,1.034417736,76.37268809999999,-0.13476385300000002,-0.370072402,11727820.0,85.10457192,47.71112159,5882.737473
-15.32991411,1.311235746,196.8601367,1006.9688560000001,1.012499673,77.15746378,1.216438752,0.266418754,13873842.0,84.42385116,43.08178717,5807.924473666666
-14.90435203,3.5589485130000003,179.575603,1005.7750560000001,0.999660707,78.6053147,1.020820418,0.39714370600000004,15227711.0,84.91027111,39.55458824,5716.142722333334
-14.85221815,18.92624796,197.50286630000002,1006.7934140000001,1.129712461,76.34006483,0.9919919970000001,0.428779851,15670791.0,84.08658176,45.71937112,5785.477254
-16.83540756,70.67485971,197.9224396,1011.9520130000001,0.843048288,73.43758626,0.519311569,0.083373011,15621569.0,79.73950773,38.50619685,5865.514219666667
-19.217712,158.8894626,220.1010201,1017.581176,0.75878959,70.27272878,-0.23593730899999998,-0.30223808,14526319.0,76.55945422,43.63125382,6012.065537666666
-31.57682757,228.15218990000002,257.6776365,1014.2799890000001,1.032345797,71.39047559999999,0.043265325,-0.153476645,13048365.0,79.76273145,62.90555143,6088.692176333334
-42.63040809,247.48000499999998,290.61694730000005,1011.4003880000001,1.24541159,69.45344664,1.028440931,0.25873225,12372855.0,76.28764029,81.12904152,6199.333280666666
-41.0160665,197.10655930000001,309.8563963,1008.3668130000001,1.5853064590000001,70.15567273,1.32357447,0.43754835200000003,10467050.0,78.35764249,118.86194440000001,6249.9451303333335
-31.48489103,135.0126267,304.2803668,1008.462017,1.568940591,71.82379742,0.119129792,-0.09672168099999999,7996732.0,78.59786,111.5404605,6210.299660333333
-23.38987016,70.05927306,280.6367393,1008.370829,1.5777692890000001,74.34937777,0.874912997,0.18278702600000002,7082278.0,82.56335787,98.01007667,6097.6755809999995
-20.4559909,25.08272442,242.987915,1009.4323630000001,1.225651101,76.96682719,0.11861551099999999,-0.196946066,9548262.0,85.33340582,65.66562043,5973.407342000001
-18.27678022,5.468978152999999,207.051399,1012.578481,1.04679496,75.65183891,0.297956089,-0.031657313,11565367.0,83.91187990000002,51.17200213,5886.510672666666
-18.01803436,1.322667988,194.7717921,1012.243262,0.92121576,74.28124976,0.007573081,-0.300960657,13571420.0,82.26310663,39.42644119,5854.922857666667
-14.121755100000001,3.4899188580000002,187.99862130000002,1011.918776,0.859605301,76.96593137,-0.520977376,-0.16932757899999998,15068129.0,85.29980347,36.7236162,5801.774784666667
-13.39959531,19.59828843,186.5425784,1007.32121,0.8938097540000001,75.58897413,0.567750854,0.247557597,15687335.0,82.14758769,37.61237944,5765.148165333333
-20.83638802,68.63750554,205.28675790000003,1006.188526,1.017903664,74.71088708,1.041036039,0.205432577,15988765.0,81.45082199,42.5324721,5812.058379666666
-22.46126248,156.7449801,226.11605550000002,1011.6504550000001,0.92890784,70.10785955,1.376973126,0.36713157,14790684.0,76.48819402,46.49479232,5939.784881666667
-30.19169982,226.6136148,261.8407588,1010.687602,1.032450659,70.83620581,0.7696215670000001,0.118760874,13360804.0,77.63145652,63.5350339,6066.778143666667
-43.37153868,246.86835789999998,291.30638430000005,1011.151058,1.117665769,66.93114544,-0.32249860399999997,-0.332580429,11768040.0,73.23565483,80.78219937,6204.314186666667
-43.0947033,204.1203288,310.51786360000006,1011.589046,1.401929287,68.17068982,-0.071356848,-0.184787335,9684245.0,76.10482033,105.9421777,6277.625187000001
-32.78531352,135.0454043,305.0109372,1011.5454689999999,1.501111185,70.9337961,-0.35988243799999997,-0.281480708,6872831.0,79.39989402,109.89150749999999,6233.583515333333
-24.35645036,71.48568848,277.9518327,1011.8935740000001,1.4053647969999998,72.54848286,-0.151102589,-0.259009058,6272115.0,80.85707679999999,89.87257849,6119.9719233333335
-24.31867499,25.43400028,241.7859028,1009.403295,1.259963916,75.94377468,-0.005560755,-0.173108365,9397506.0,84.89055882,64.76604606,5957.376658666667
-21.02686354,5.524180466000001,205.0090996,1012.9764210000001,1.0816228620000001,77.55850459999999,-0.10260275699999999,-0.24871757600000002,11368959.0,85.56996347,49.92034157,5867.864925333332
-20.52465774,1.307719164,192.6848187,1009.6594,1.154254202,76.80030332,0.571301252,0.187457392,13359619.0,85.99736555,48.16181375,5806.323626999999
-13.52405648,3.415756022,190.2240886,1012.880917,0.924694005,75.32546017,0.420894724,0.156695628,14584139.0,84.20341088,39.34046379,5826.499202333333
-10.01542764,19.28400708,185.9503858,1015.0855359999999,0.798116568,73.49896509,0.201885795,-0.053152155,15366355.0,80.51995903,35.81762969,5858.893706333333
-14.72410001,69.5582198,195.3579274,1016.050933,0.788400665,74.19360276,-0.015632557,-0.154364198,15599345.0,78.94255236,38.08514038,5899.019673
-23.74227597,158.3808855,218.18050350000001,1014.483268,0.821694832,71.48395658,0.512753284,-0.008015325,15029586.0,76.52365776,42.61251702,5966.289136333334
-31.03737438,225.483263,261.6634794,1013.9896349999999,0.98760812,69.98678520000001,0.056608233,-0.177490187,13582530.0,78.8627072,65.55825422,6108.1023546666665
-43.7236441,245.3183684,292.1809067,1012.683361,1.166072096,67.62804224,-0.13197362099999999,-0.20150984800000002,12293986.0,75.43083906,82.97167079,6219.903792
-45.18626408,211.651271,310.0581992,1011.140747,1.2624291090000002,66.90439584,0.154848798,-0.122298699,9764685.0,73.65551454,94.99631334,6288.370073333334
-32.30880557,137.04459540000002,305.91249780000004,1008.0279519999999,1.520346565,71.83566067,0.846616,0.206479374,7456080.0,79.09470661,107.9201356,6212.119151
-24.21589388,70.97729217,282.35889199999997,1011.918193,1.4031936980000002,73.46958822,-0.239144832,-0.354706626,6589707.0,81.13775374,93.64313726,6134.623816333333
-22.98557044,25.32443424,245.0042569,1012.3299,1.3960760319999999,75.54915015,0.47769739299999997,0.074772034,9198908.0,84.45440388,72.90502652,5990.100533666667
-23.33373167,5.659635043,215.28823219999998,1011.466857,1.1127560109999999,75.10821567,0.115488431,-0.224264451,11163069.0,85.04437491,52.23426605,5889.637866666668
-20.11140118,1.36494688,195.26716299999998,1006.211349,1.059192704,75.64592844,1.3782312890000001,0.45877720200000005,13208271.0,85.52399255,43.68621544,5786.4814996666655
-12.66556181,3.2481425789999996,188.7970316,1007.3255039999999,0.997199793,75.66710031,0.600927444,0.12253911599999999,14858012.0,85.05882186,42.77141948,5788.758899
-17.69005983,18.82929114,188.9705172,1010.7597099999999,0.958795905,75.23896354,0.315763728,0.08564245699999999,15620115.0,83.48500105,39.58271678,5818.079065333334
-18.67615949,69.4322207,199.6552244,1012.481242,0.85320212,73.35702144,0.440250318,0.033228773999999996,15619182.0,80.46907579,38.64379914,5868.5936993333335
-26.41630235,157.82751409999997,215.2747087,1019.5281650000001,0.7275577879999999,69.68099052,-1.06227557,-0.6438029510000001,14799292.0,80.35311044,40.01410894,5979.115010666667
-31.18109387,230.7232656,253.7113577,1011.636332,1.002025675,71.85882705,1.196756546,0.36788599899999996,13312944.0,79.35474919,59.36526183,6049.262459666667
-42.59792136,246.4313046,285.3088992,1012.2241449999999,1.22410285,67.02970402,0.36121703200000005,-0.018970135,12200368.0,75.26712142,81.34122852,6189.239681999999
-43.72942727,206.0913315,303.3067774,1010.3005300000001,1.2969015179999999,67.80545157,0.681389967,0.12635407,10700487.0,74.6667695,93.08845068,6238.202193333334
-33.13713726,136.1964426,297.979871,1009.881495,1.4173426669999998,71.43655678,0.268539409,-0.073469979,7955099.0,78.77728912,105.26064509999999,6188.633286666666
-22.34213267,71.26660676,273.9189832,1014.9831039999999,1.279718621,72.80590212,0.079819226,-0.18819252399999997,7592311.0,80.64967477,88.31983734,6126.5967353333335
-23.10602395,25.340302100000002,238.98530719999997,1010.788158,1.2528428059999999,76.15545683,0.097957554,-0.15148182,9643995.0,84.97003444,62.28179804,5967.776356333333
-17.91182816,5.517326827000001,207.0464729,1010.7861109999999,1.0837404590000002,73.72223000000001,-0.1326214,-0.13009132699999998,11913648.0,83.79780307,46.83767185,5875.974234666667
-17.40999329,1.3615366740000001,193.0065793,1007.527449,1.084279048,76.68417697,0.91703719,0.279925789,13534834.0,83.47240767,43.61894045,5799.635534333333
-17.42124134,3.5175601660000004,186.9867749,1002.284237,1.083678151,76.79078942,1.0859467520000001,0.451559355,15199107.0,84.32835883,42.1055866,5715.785656
-15.9608522,18.71915396,192.7710794,1011.8027089999999,0.994116893,75.47605836,0.709725651,0.152293917,15854349.0,83.05683896,43.77057234,5822.64688
-17.3221357,69.76331671,193.7093023,1011.549647,0.8644097070000001,72.81064272,0.5598274289999999,0.14793293300000002,15978996.0,79.59917961,39.894791,5829.828219999999
-24.06650321,159.43146409999997,217.87625649999998,1016.863316,0.700211193,68.44019585,-0.251370576,-0.336908562,15297398.0,75.94627124,39.17977255,5975.593274666667
-32.14100044,225.3267413,260.9338253,1019.181254,0.88815996,67.19227609,-1.122654752,-0.640631885,13599683.0,78.50904911,64.75241874,6139.163956333334
-46.03737923,246.50358509999998,290.1259767,1014.022418,1.06442086,66.37594055,-0.456264471,-0.419354193,12065763.0,73.98616249,76.78293067,6214.235974333333
-43.48425122,203.22968390000003,309.54154839999995,1012.912552,1.332778289,68.08136327,-0.015751791,-0.149950374,9736968.0,75.05445422,102.3851092,6283.10012
-31.9933228,131.3172274,302.69651969999995,1012.8138939999999,1.5012817580000002,70.96939705,-0.17091473699999998,-0.289798469,7390006.0,80.96676926,114.9147097,6229.204994333333
-24.353224100000002,70.08123086,276.690592,1012.7634960000001,1.355952141,74.35547002,-0.054541945999999994,-0.31011106899999996,6543385.0,82.99964514,85.31811324,6106.737940333333
-22.35841663,25.29852785,242.2553692,1011.5429449999999,1.33221418,75.9479845,0.034056366,-0.220265168,9246508.0,84.87278778,66.96255066,5982.110793000001
-13.18762192,5.620551408,211.89266119999996,1009.736208,1.1389459929999999,75.81135221,1.5286321980000002,0.760001921,11778670.0,84.55025375,53.2142176,5877.854875333333
-21.41218883,1.341255227,189.27210019999998,1013.4709119999999,0.898874699,74.48910933,-0.866488922,-0.548213906,13583796.0,83.22558026,38.16813459,5833.358991000001
-19.58370282,3.435863645,181.1802499,1016.982982,0.811110971,71.76253274,-0.9695064879999999,-0.7158929140000001,14942655.0,80.31034114,32.37808424,5848.011369666667
-10.42636668,19.99513222,184.0507501,1018.384851,0.713342327,72.83024655,0.245906927,-0.009359540999999999,15719615.0,80.06260597,33.95488125,5858.431820333332
-19.15972195,70.42020207,193.9023806,1011.489934,0.845877842,74.07347769,0.40351906600000004,0.05854308,15709945.0,79.45450322,36.02051842,5829.133464666666
-22.03315874,158.04457390000002,220.2344975,1016.6349150000001,0.7477459590000001,69.96905702,-0.463702073,-0.47680965,15074225.0,77.40165929,40.69264479,5990.400541666667
-34.11483936,226.03855980000003,258.8430949,1014.317591,0.906235832,69.58090190000001,-0.574465174,-0.465197841,13819856.0,80.08653715,61.05416267,6089.577537666667
-45.55262836,245.8110653,289.21117169999997,1007.9681640000001,1.2953779779999999,68.57750546,0.483225413,-0.034726232,12164629.0,75.54400062,82.48599808,6166.788045666667
-44.84676108,208.6975251,307.8517966,1009.486827,1.291054188,67.91037153,0.49935349100000004,0.081230502,10299193.0,74.40262385,100.574104,6256.8079769999995
-32.60081681,134.3780172,302.7951837,1008.268934,1.5130555430000001,71.90179242,1.103316992,0.28370526100000004,7697984.0,79.27036361,115.92401940000002,6199.399370666666
-26.48657676,71.50296805,275.9520697,1011.0013119999999,1.4256531419999998,72.68799414,0.597813666,-0.028497643,7243769.0,81.47182698,92.44497254,6104.542788333332
-23.43282002,25.44282226,244.7139251,1009.647437,1.291550678,75.77205342,0.462741202,-0.076189543,9529022.0,83.82711916,67.49976941,5974.040918666668
-18.21996296,5.676592275,207.0499505,1007.668759,1.101733812,76.30455061,0.387632075,0.056751887,11348541.0,84.77647413,48.1201723,5851.061045666666
-17.74795881,1.383815154,193.7566345,1009.597567,0.977927401,75.26521558,0.595304394,0.189063172,13606609.0,83.91677095,43.11605676,5810.791732333334
-19.20266987,3.4324097019999997,191.4819984,1011.7825369999999,0.927830053,72.99667655,-0.106045866,-0.213466894,14742123.0,82.60459715,39.66772949,5826.475954333334
-15.74148009,18.87224881,196.89240149999998,1010.852493,0.845509965,75.17553016,0.23623783,-0.078259434,15370741.0,82.47175585,36.32938783,5828.196313333333
-20.55930134,68.99934135,195.6648259,1015.521178,0.895979946,72.19985925,0.286940148,0.045972584000000004,15435938.0,80.03503309,40.69448009,5859.456678333333
-23.81155553,153.42011269999998,231.84315120000002,1018.9806179999999,0.753013954,68.63095056,-0.571395703,-0.611788778,14708445.0,76.14173831,45.00581879,6035.624000666667
-34.44667547,224.2747164,261.2425232,1017.5218789999999,0.8985615090000001,68.5113276,-0.55686872,-0.474357223,13218724.0,78.69118098,64.36066846,6125.797357333333
-43.65477213,242.92913470000002,291.6573254,1011.599046,1.253053806,67.78563486,0.340267666,-0.00855382,11661736.0,75.13324032,84.12868558,6203.508160666667
-42.65628307,195.2631931,309.66435930000006,1010.146802,1.398095301,69.76068599,-0.306597815,-0.303089137,9226616.0,78.15642085,110.8026682,6257.739264
-32.66808472,135.0716211,305.7770545,1008.604868,1.579578546,71.05068056,0.5260378960000001,0.048687649000000006,6749413.0,79.03200994,112.78260230000001,6213.8902973333325
-24.73709166,71.39330811,282.824045,1010.6818910000001,1.434832911,72.06286647,-0.0019152770000000002,-0.23023657600000003,6181161.0,81.12930437,94.22970812,6128.164769333333
-28.14166937,25.73562747,244.93159190000003,1011.054676,1.351282985,76.25413341,-0.564423883,-0.408964361,8976796.0,83.9752765,65.94545962,5966.016436666668
-20.25931285,5.686047691000001,218.34309130000003,1014.405227,1.093592205,74.19844105,0.007590258000000001,-0.24916662399999998,11048162.0,84.21763188,52.26356407,5942.437361333334
-20.2154892,1.354335721,191.5824259,1014.9756970000001,0.846972614,74.37964795,0.460094825,-0.028367111,13085316.0,83.58773994,39.1288401,5850.393494333333
-7.99399166,3.3409747889999997,193.2936233,1014.723086,0.8436347959999999,73.52271726,0.8477070729999999,0.410786163,14353876.0,84.61563788,45.37734506,5844.217367666667
-14.23321844,19.08615421,190.54052480000001,1011.601932,0.9416194170000001,74.43246196,0.789560275,0.273919843,15324546.0,82.36170057,40.48941775,5810.564434666667
-11.74402648,71.78425834,202.1515565,1018.903365,0.7585153640000001,70.28160469,0.906373697,0.378004478,15253090.0,77.7420528,39.48796875,5923.727090666667
-25.38757167,160.17506619999997,221.76734249999998,1019.8339300000001,0.709493761,69.18994685,-1.0236794820000001,-0.667181213,14347812.0,78.81865458,39.7646654,6014.526134
-32.87143383,233.78554730000002,255.07646119999998,1016.8030960000001,0.90333886,69.65422288,-0.050566941,-0.257297633,13138756.0,77.70297654,58.32713167,6099.527084333332
-43.18235892,248.0754706,287.06401919999996,1011.860283,1.208341213,69.00387501,0.100629469,-0.09442829300000001,12171457.0,76.08642999,83.68548686,6188.515117666666
-44.42015428,206.3831851,306.85974889999994,1009.594534,1.456127675,69.47025717,0.921650663,0.24624637100000002,10459376.0,76.02424434,103.6949475,6241.689161333333
-32.13387942,133.2036888,299.64232169999997,1010.240967,1.5571945740000002,71.76946991,0.411501619,0.054009534000000005,8285617.0,80.31333762,112.6475746,6195.664740333334
-24.51776114,70.18678152,276.31760180000003,1015.344483,1.333934553,72.42200033,-0.293123555,-0.320007256,7911530.0,82.63006405,91.60368587,6140.835057
-23.98337617,25.64364123,242.0883772,1012.244457,1.260328294,75.23712307,-0.121798788,-0.258889054,9426298.0,84.16451192,68.79019954,5987.64692
-19.51459548,5.5453049839999995,221.3825866,1014.069084,1.131381197,72.92269595,0.646578807,0.032216399,10612586.0,81.13137027,53.21932803,5954.630065333334
-18.3303104,1.296048303,195.9828757,1016.538033,0.94210299,75.2356525,-0.436589281,-0.389462866,13207313.0,83.53024032,41.83720651,5893.732338333332
-19.105877,3.599543165,182.15620969999998,1012.10002,0.877530002,74.87723387,1.000690375,0.12934279099999998,14620773.0,81.9653699,37.92591278,5804.015873333334
-17.35815714,19.62717559,185.67677350000002,1008.3759,0.90474507,75.65445153,-0.075142975,-0.176928721,15633564.0,82.06710335,36.49165864,5771.012759666667
-17.15582747,71.87162031,197.6758291,1014.440772,0.830587868,71.46052094,0.156126328,-0.151843935,15690392.0,77.37916065,36.03711695,5862.113735333333
-25.80007099,158.1292087,222.3801988,1013.655449,0.881737202,69.95544217,0.465824357,-0.095365185,14689029.0,76.77788721,45.09066859,5948.320808666667
-34.06210334,226.8470293,258.9441425,1018.676703,0.89897473,68.12088376,-0.95865445,-0.606800036,13391653.0,79.42522715,61.80605461,6117.215661333332
-45.44915425,246.2982602,289.5161642,1012.9582320000001,1.122864824,65.81874189,-0.419138179,-0.36071773100000004,11985158.0,75.00427234,82.23156244,6214.698143666667
-42.27592,196.37776719999997,310.439573,1011.3592679999999,1.341927996,69.26972861,0.049773334,-0.11224067800000001,9658514.0,79.18021482,110.84477079999999,6264.097906333333
-33.52498795,136.4088602,302.0353225,1010.197,1.51963996,70.21093099,0.64808808,0.151106792,7347113.0,79.04558241,111.2933995,6213.569876333334
-24.05765847,70.10349032,282.2201103,1009.914684,1.486784906,72.07756515,0.5831714379999999,0.043725827,6775136.0,81.63434057,99.32403655,6119.67298
-27.19610496,24.61808384,248.0427741,1013.525248,1.3229028809999999,75.70270889,-0.031299539,-0.25445558100000004,8804354.0,85.51968941,70.85769341,6012.689602666666
-17.54364074,5.508266836000001,215.625082,1010.914209,1.0164215559999998,74.62423927,-0.36541822399999996,-0.248022937,10944072.0,84.57895154,51.20180596,5889.765807333333
-14.62346471,1.322225873,192.2071451,1010.1236230000001,0.8880948059999999,74.58182037,0.044987846,-0.10963057400000001,13351908.0,84.44851936,42.3676436,5821.581714333333
-16.82089737,3.497955984,185.8141627,1019.005049,0.805456733,72.24929704,-0.42924464,-0.43507954299999996,14940232.0,82.36583259,35.4033291,5884.981775666666
-21.6516235,19.73670574,177.7174085,1011.666426,0.864711036,73.08270337,-0.281062879,-0.31322461100000004,15897132.0,81.88275047,34.423393100000006,5791.207026
-20.00334878,70.97108918,196.5902836,1015.300216,0.855389691,71.12248039,0.071213594,-0.129201035,15775531.0,77.97240008,38.55288975,5882.756360333333
-24.18561273,156.22590680000002,224.37226980000003,1014.949353,0.751489622,71.09016791,-0.99276024,-0.62250818,14988185.0,80.05116039,43.48103525,5980.733299
-31.80968139,229.49469359999998,257.08520519999996,1013.5238720000001,0.969795155,69.44783375,-0.157927063,-0.30391458600000004,13862312.0,79.01538662,62.97836821,6088.111674666667
-43.83430079,241.7887824,293.2922589,1015.473251,1.195212813,67.68776509,-0.592640652,-0.46714988399999996,11948231.0,75.29198232,88.65353502,6246.065092333333
-44.99464312,207.2819226,311.7848321000001,1012.149041,1.372825159,67.31345053,-0.296420975,-0.335507748,9674306.0,75.09548432,101.01411329999999,6298.168712666668
-31.46630082,128.8594467,308.1477177,1009.60419,1.6227027330000001,71.7190973,0.142390231,-0.10442844300000001,7557743.0,81.12824654,126.25647350000001,6228.695110666667
-24.56478707,68.54021767,281.196183,1012.152222,1.398288222,74.08307181,-0.720949519,-0.488721095,6617915.0,83.11151366,96.10612689,6127.010503
-26.69894427,26.28806004,242.29099159999998,1011.634776,1.3140544459999999,73.59145358,-0.43175319700000003,-0.38361858200000004,8887213.0,83.85424455,65.87760521,5988.780705666667
-20.95715373,5.848990284,215.3821525,1017.8441789999999,0.95217738,73.84844461,-0.798451026,-0.450166313,10789267.0,84.32534526,45.75589657,5956.279315
-17.05772025,1.32147924,197.0939243,1009.964976,1.00626718,74.01708849,0.055831989000000005,-0.23305493800000002,13337799.0,83.26014305,42.912367700000004,5842.763344333333
-14.54296707,3.551669242,181.52103799999998,1014.459268,0.7463789740000001,73.91292764,0.008056313,-0.074536731,14573454.0,81.01797597,32.8833211,5829.001459
-17.06676957,19.21394574,187.1608009,1012.435445,0.883396524,73.43778211,-0.061421764000000004,-0.103247356,15480723.0,81.28864171,37.55424321,5828.493415333334
-16.13872385,71.44999702,193.3473103,1020.6893220000001,0.643538335,71.56082404,-0.7850234559999999,-0.53494224,15521960.0,77.76046044,31.93600148,5938.645767666666
-25.1984228,159.5449609,216.4003259,1016.1950410000001,0.790655618,69.99175814,-0.49156961600000004,-0.519195553,15244751.0,77.1968718,39.88596173,5988.585864666667
-32.17429236,229.5444941,255.8229855,1015.805191,0.9223248470000001,67.80302991,-0.7371571170000001,-0.337761527,13920440.0,79.21439103,61.49510604,6109.863594666666
-42.97313995,244.5320423,289.9375727,1009.523807,1.263794212,68.79642921,0.5972336779999999,0.082745804,12189139.0,75.70855305,84.92720157,6189.383035333333
-44.25251702,198.8570756,309.2475365,1010.798632,1.394052125,67.86398076,-0.039351891,-0.184825858,9649862.0,78.04257253,109.1929797,6269.401961333333
-32.94686927,132.51913059999998,302.910012,1010.907885,1.417388492,70.87378021,-0.477774194,-0.371543189,7436390.0,80.79268874,114.16861159999999,6220.432847666666
-23.10427268,71.60017859999999,279.87955619999997,1010.3264640000001,1.3558969140000001,71.53353375,0.222258647,-0.067633335,6292180.0,81.16701277,95.21064148,6122.664998666667
-25.60476923,25.98159738,243.2491824,1013.0093529999999,1.212457638,73.81884127,-0.142849814,-0.264023818,9135965.0,84.27421613,68.13964439,5999.131369
-21.28177635,5.660687829,214.3539128,1010.9677800000001,1.16900127,74.95585056,0.307591023,0.084732124,11028115.0,84.57029736,54.02153741,5896.241347333334
-21.764977899999998,1.3454601609999999,196.9324996,1010.972685,0.976113736,76.08807727,0.086961392,-0.195410251,12951470.0,84.87984475,40.32963219,5828.440923666666
-20.4371583,3.390748462,187.3911558,1012.6853710000001,0.9812827159999999,75.24782137,0.842221395,0.26623789,14535974.0,84.9046205,40.43053021,5795.102192000001
-14.95546306,19.32115416,193.48856730000003,1009.9494900000001,0.8766373129999999,72.65010147,-0.154375651,-0.238471232,15302491.0,82.86004944,36.38136408,5808.836873
-23.52275657,72.21093234,197.69925790000002,1014.834784,0.8569363090000001,69.39151209999999,-0.591760187,-0.514271171,15382748.0,76.59273831,36.5806402,5886.208925666667
-26.56527052,158.2824532,223.6716687,1016.228987,0.82294449,69.83823570000001,-0.288809417,-0.48533064299999995,14751192.0,78.92655088,43.46415051,5987.461087000001
-34.35288249,232.38662319999997,256.0361871,1013.481949,0.8812786029999999,68.50425485,0.121924478,-0.152901204,13258767.0,77.88974115,59.517637300000004,6076.0501939999995
-45.80710506,251.658637,287.56404150000003,1010.588941,1.238605094,67.36145026,0.26335638100000003,-0.101985296,11797237.0,72.77123779,78.1621397,6185.778200666667
-43.919158700000004,204.01701719999997,308.3935363,1012.240981,1.349140113,67.16596402,0.102558613,-0.151407768,9809609.0,76.58132929,102.7645163,6274.635807333332
-33.19333579,134.1151155,302.3890913,1011.863097,1.552649895,69.87391655,0.141443964,-0.12527739,7272316.0,79.07469973,113.3626565,6228.243307333333
-23.65631146,69.80469726,277.893345,1009.0425439999999,1.487286004,74.00495114,0.509041889,0.012447682,6361242.0,83.27218932,88.81513426,6090.369243666667
-20.07163235,25.13949523,246.8459715,1011.3806960000001,1.227658845,73.55953603,0.076770785,-0.103998149,8945551.0,84.35655849999999,73.79876245,5995.725919
-18.15666519,5.38839916,214.21539750000002,1016.870419,0.9842467159999999,73.52208624,-0.475070626,-0.35893740399999996,10576434.0,83.92322356,51.59201132,5948.1046013333325
-20.41961312,1.315280397,194.8712617,1019.247883,0.805827642,71.34352994,-0.821362493,-0.693891536,12886842.0,81.77240448,39.09181616,5908.726342000001
-14.35401803,3.4982190560000004,189.09092859999998,1013.3342060000001,0.83861373,74.26113808,-0.027381548,-0.012011466,14420073.0,83.14623837,37.92168218,5830.892611333334
-16.79992063,20.10833572,186.91251440000002,1016.384624,0.839153459,72.31544207,-0.104186816,-0.144417565,15417612.0,80.49011036,34.37567369,5868.663848
-21.43702795,72.9073396,190.7940697,1019.5758900000001,0.656120217,71.53466170000002,-1.027406942,-0.742607826,15723336.0,77.42616435,31.08630694,5919.144427666667
-24.60784305,160.5441495,216.32503619999997,1013.4371689999999,0.8159646840000001,70.30449712,-0.00024948799999999997,-0.33018178600000003,14973707.0,77.5799747,42.20823058,5951.171906333333
-33.14564652,227.34917709999996,258.0384521,1014.101103,1.050024522,69.55718555,-0.381957789,-0.31462208199999997,13778176.0,80.23746524,65.501233,6087.456134
-47.13490491,252.6153481,288.0993568,1013.050564,1.118852397,66.36102681,0.10293533099999999,-0.259494216,11753749.0,72.72679866,77.58207715,6210.802104333333
-46.13041958,205.6393608,309.54389380000003,1010.709877,1.4270740690000001,67.26510778,0.107099051,-0.136350418,9284882.0,75.98859757,102.30765,6267.014338333333
-32.24415883,133.4734093,304.9409514,1009.683829,1.53566128,69.80246163,0.10148000800000001,-0.18117670100000002,7529955.0,79.29097127,115.83362949999999,6227.002812333333
-22.88022348,70.59277901,282.2250514,1012.0170109999999,1.319486455,72.23221998,-0.031993725,-0.209395754,6777849.0,80.89598926,94.41837655,6131.562650333333
-24.44138301,25.21872532,246.18006060000002,1010.966295,1.19517236,75.94548695,-0.081913396,-0.27036313300000003,8601947.0,85.42441659,66.61960772,5979.175120333334
-27.34378571,5.517969888,217.88911919999998,1008.688779,1.2480235240000002,73.31848389,0.8976256690000001,0.08902348800000001,10942561.0,84.36906218,52.19223877,5876.817895333334
-17.04596375,1.36767569,204.3633135,1015.1303439999999,0.928549185,74.03168187,0.592768755,0.20919649,12917951.0,84.19483892,44.38598887,5892.701265333333
-19.178147,3.4461875280000003,187.5719408,1008.545849,0.9686270640000001,74.24496864,-0.117215253,-0.270002592,14568011.0,82.71962319,39.42504862,5808.495599333334
-23.83840048,19.53002328,181.1856636,1011.4908320000001,0.87343842,74.11684188,-0.67893841,-0.460442079,15465497.0,81.24672436,34.79130987,5787.436109333333
-18.6493448,70.75836851,202.31024490000001,1013.931859,0.797854837,71.06406592,-0.17592255699999998,-0.28862964399999996,15536855.0,78.40887128,36.09358227,5897.203245666667
-21.21944018,160.17722980000002,217.05943140000002,1016.8288630000001,0.809287451,71.05488067,0.438421136,0.046713766,14455330.0,77.11316928,42.98841361,5971.502254999999
-30.85088759,232.0150654,257.4976606,1014.83259,0.943193547,67.55113563,-0.48088665399999997,-0.43034456,13175821.0,76.30086736,60.41735709,6106.530821333334
-46.28028065,251.5463562,291.46822589999994,1010.253107,1.14747048,66.62931781,0.186228375,-0.084515009,11774150.0,73.07775617,75.63940334,6194.761519666667
-44.79798166,204.8835857,308.62341610000004,1009.592198,1.482620407,68.26766391,0.588523286,0.128607873,9579813.0,76.53658095,105.447352,6258.096507666666
-32.44657282,132.1396899,306.11569,1011.7663349999999,1.489353834,70.87699935,0.14820234599999998,-0.09900946199999999,6568202.0,80.44286563,114.9803524,6237.7519103333325
-26.32477471,70.05003029999999,279.952293,1009.53045,1.521518734,72.84581856,0.264530889,-0.106457945,5981516.0,81.98343481,92.42618311,6107.319794
-23.74792717,26.4116717,250.0639702,1016.0271650000001,1.137357225,71.6779011,-0.37062376700000005,-0.384052874,8825055.0,82.26922838,64.39670464,6054.2796456666665
-18.66820612,5.497161974,219.65040809999996,1014.760959,0.920997255,73.5325691,-0.79457499,-0.50646755,10802291.0,84.59132083,47.35047913,5944.699290666667
-14.71067358,1.331624863,201.8338231,1013.647322,0.9096589079999999,74.03747091,0.06454531,0.02778167,12894841.0,84.05113927,43.22969296,5876.151175666667
-20.769092800000003,3.419764837,189.1545505,1011.5020900000001,0.9016430009999999,72.51502839,-0.075889953,-0.390925365,14587970.0,80.71513451,36.76301416,5831.319154666667
-11.56273457,19.44884642,186.0229601,1013.956818,0.8417137640000001,73.81229872,0.502371799,0.134432284,15352767.0,79.38544639,36.51444208,5839.548817666667
-16.28854118,70.24774411,196.8000481,1012.279791,0.868844477,73.43856098,0.751831128,0.114913826,15614924.0,78.13007155,37.20596621,5865.705076333333
-23.4069357,155.2561452,224.40367569999998,1015.6763980000001,0.8158426120000001,70.33140406,-0.262526553,-0.248023187,14680578.0,78.72382597,45.30268209,5981.641859333333
-32.75601973,230.20292200000003,258.7033854,1013.2737880000001,1.004331059,68.63818565,0.11520929699999999,-0.18170601600000003,13085408.0,77.00797593,60.58081829,6093.007601666667
-43.58767215,245.21781529999998,290.35418,1011.7590970000001,1.160251309,68.3334492,-0.42056288299999994,-0.352933832,11852723.0,75.45533884,81.88785228,6205.361215666667
-46.17897425,210.22037369999998,309.324119,1011.0346599999999,1.340935142,66.54948993,0.434627185,0.069108474,9527327.0,73.91081834,98.02706797,6276.365383666666
-34.81881263,136.3474851,307.55769489999994,1012.096389,1.529689604,70.24334864,0.364787549,-0.059463203,6934298.0,78.90126686,112.30076559999999,6250.139485666667
-26.38631731,71.05275242,284.1998017,1010.019143,1.490241216,72.42683721,0.920288078,0.11416274,6184659.0,80.72599907,95.23780864,6121.389843666667
-24.32153911,25.33400813,254.077026,1012.869742,1.285572276,73.88274472,-0.367130819,-0.368631586,8671509.0,83.70677397,71.84762924,6033.642607333334
-18.49109145,5.5045220310000005,220.3800772,1012.6977619999999,1.1353561079999999,76.01492621,-0.074121253,-0.102214724,10317863.0,85.02278415,56.89663958,5919.0819
-25.21620486,1.2884315309999999,200.89140559999998,1007.3938099999999,1.1321951609999998,75.36458918,0.14750091,-0.18868179699999998,12888731.0,84.77686212,45.86307474,5824.745235333333
-19.51899815,3.4313437510000004,189.0339159,1018.607618,0.790137572,72.22772247,-0.296063612,-0.338268785,14145035.0,82.33661362,36.39491022,5894.198201
-19.10740173,19.32536141,185.17104080000001,1016.940978,0.821322993,73.51915284,-0.567501634,-0.602890254,15044432.0,81.25389224,34.626143,5880.055590999999
-15.98052499,72.22197121,194.26893619999998,1016.590683,0.810577628,72.39503023,-0.148168093,-0.043341631,15151214.0,78.80710942,38.2873047,5894.315162333333
-21.78762355,158.5758572,223.21418599999998,1017.107584,0.7445739579999999,70.50278124,-0.964835515,-0.569471788,14204414.0,78.56042591,43.31805404,5994.774537666667
-32.69859112,227.8572253,260.2006201,1016.828165,0.91006106,69.70820624,-1.094747792,-0.6756943870000001,12642298.0,79.96841518,62.15219506,6120.255654
-45.75501666,247.20710409999998,290.4120145,1014.1334609999999,1.1220910640000001,67.47611374,-0.422935025,-0.404280475,11581625.0,75.48315714,80.17813406,6221.432439666666
-44.48046178,204.249178,309.61099839999997,1010.777609,1.313838842,67.6181395,0.323807793,-0.013958438,9651145.0,76.68963670000001,99.66857371,6268.039153333334
-32.53071284,131.6286922,306.0607202,1012.296395,1.39580493,70.57511783,0.06317947900000001,-0.14148915,6867679.0,80.62805254,113.24700279999999,6239.809331333334
-27.00028502,68.46986632,280.6571975,1009.7671029999999,1.552353677,73.56749795,0.044442946,-0.180963155,6081899.0,82.15124801,95.9878552,6105.491456333333
-24.86734983,24.30851409,248.3090463,1011.418346,1.267609713,75.58649598,-0.28878036100000004,-0.307655721,8504884.0,84.66068604,68.22828105,5996.559003666666
-26.11785519,5.305417695,216.4644495,1008.972473,1.20983751,75.83425031,-0.015562744,-0.20459813100000002,10658959.0,84.89175638,52.32847658,5880.613996666667
-25.26917656,1.340489918,193.7245374,1011.553382,1.0806431029999999,75.60920168,0.9429605459999999,0.264739151,12797208.0,84.47357408,42.82651412,5817.580589333334
-16.75390748,3.489579687,200.0307409,1013.17292,1.0178560890000001,75.44686804,0.773686413,0.272348617,13805291.0,85.05879845,43.71625989,5848.797421666666
-16.26644244,19.86630572,196.07287340000002,1018.652293,0.8523151290000001,74.79665841,1.0042523559999998,0.31018313,14502784.0,82.88914637,39.20315743,5882.455590999999
-18.84098994,70.48996473,200.4685483,1016.7771640000001,0.8005580640000001,72.11182091,-0.311527667,-0.398816499,14849592.0,80.67893454,39.28433321,5909.874987333334
-25.05860308,157.72896980000002,224.39674669999997,1016.792364,0.8456645009999999,68.45186458,-0.462347065,-0.44096198799999997,14179071.0,77.91024998,44.8299963,6002.992168333334
-36.94177369,230.9126387,261.6673363,1017.5309699999999,0.9179440190000001,66.75729197,-0.408650781,-0.42910203700000005,13065544.0,75.96705964,60.39928597,6136.4487856666665
-46.39212753,241.29942400000002,294.8269135,1012.614924,1.092799407,65.89021109,-0.629609299,-0.445856714,11384970.0,76.09383377,82.84855976,6218.811141666668
-44.08494945,200.335787,311.5591361,1010.306125,1.47170179,67.80807977,0.08645534699999999,-0.134578911,8990790.0,78.08937826,106.0007982,6269.662109
-31.72090299,129.546722,306.43419480000006,1010.571418,1.520845565,71.06758241,0.142694278,-0.12400964099999999,6326816.0,80.43331659,117.0735607,6229.954593333333
-29.05134188,70.70946879,280.3363079,1009.4118800000001,1.606285524,71.71358826,0.346072492,-0.082039294,5593692.0,79.80741716,92.7090186,6099.604264333334
-24.31491373,24.57653777,252.31801569999996,1009.695899,1.345142183,73.77160472,0.233429208,-0.093945026,8486385.0,83.0049357,72.6847483,5996.770628333333
-22.52487563,5.198406403,225.3860119,1014.096121,1.186109065,75.59155997,0.047462782,-0.250503761,10509688.0,85.98614712,58.83157738,5942.339591
-16.14243173,1.3107585959999999,204.9951888,1017.416284,0.9052133529999999,73.47214004,0.07577320900000001,-0.037042307999999996,12553241.0,83.56232181,42.70129768,5918.1442990000005
-15.3917312,3.6751091369999997,192.98880830000002,1014.812466,0.93556057,75.19971351,1.127245023,0.5663805510000001,13724887.0,82.83216462,41.48855933,5858.862959333333
-14.61010533,19.27507834,196.0607659,1014.7544369999999,0.8831770790000001,74.73623827,0.264714265,0.0486499,14541957.0,80.75134342,40.14119301,5879.9319270000005
-23.65687743,71.24856949999999,196.7377846,1020.1509169999999,0.730198771,70.45903139,-0.984899251,-0.7030945890000001,14542387.0,76.10956935,34.35058381,5940.680815666667
-24.48617411,158.87996809999999,220.8721602,1017.287153,0.832984505,71.5121431,-0.5601934679999999,-0.45671631,14066142.0,78.95279824,41.36271045,5978.432749
-32.42879637,228.72169100000002,262.0238481,1015.540064,0.903537708,68.94357457,-0.253331963,-0.35265083799999997,12679492.0,76.35965723,60.1675591,6110.879573333333
-45.51097485,240.310904,293.3461752,1009.639926,1.318371256,69.12919556,0.8579927509999999,0.199005884,11132544.0,75.93822922,86.72683278,6199.553913
-44.27391158,198.1094216,311.244528,1010.2490140000001,1.3957340230000002,68.81188265,0.274997871,-0.034056035,8735814.0,77.79858249,108.3633884,6268.844075666667
-32.91983636,132.45220659999998,306.347887,1011.545174,1.3858498540000002,70.97080881,0.20671189199999998,-0.149101323,6561046.0,80.51854115,114.36559109999999,6232.511352333334
-24.17204221,69.36595443,285.07680869999996,1008.229567,1.564497499,71.48193149,0.34072589200000003,-0.132953731,5949744.0,80.53785346,100.60804499999999,6128.282215
-27.44450093,25.05690188,250.0398079,1013.686813,1.3038698690000001,74.90599307,-0.904777078,-0.598285032,8359121.0,82.92659141,68.56072891,6015.288382666666
-25.52556714,5.54113875,220.819431,1014.8216779999999,1.197817713,74.47527268,0.138656895,-0.12651796699999998,9878031.0,84.94105552,56.57537028,5929.201652
-18.74158927,1.284537723,206.39535969999997,1003.983508,1.1132962259999999,76.75791184,0.430624158,0.122251021,12334078.0,84.92594339,48.00478117,5796.51824
-19.93467003,3.31539131,197.3826226,1007.734815,1.044906011,76.89918908,0.20835810300000002,-0.044671604000000004,13891515.0,85.17937996,42.74718298,5786.469942
-16.16104512,19.76931561,188.53650480000002,1017.5520849999999,0.6795376120000001,71.75008242,-0.758992408,-0.504653606,14648254.0,78.69723818,31.59389603,5871.308498666666
-17.32920966,69.95556864,199.6045685,1014.459693,0.8659970229999999,73.83782096,0.934432047,0.216198712,14756338.0,78.56924784,39.2345695,5875.996360666667
-26.00784701,151.7718494,233.67809640000002,1012.82163,0.928941536,67.81056409,0.441812555,-0.034124701,13968973.0,77.24830788,50.66526384,5979.866736
-37.69130878,230.5159989,255.88331890000003,1013.254991,0.915573541,68.10794826,-0.489833285,-0.395460748,12956236.0,78.24514943,57.76170875,6071.268882333334
-45.15514921,241.2404236,293.9606887,1013.1185539999999,1.145102254,66.45358354,-0.608840349,-0.416733467,11588930.0,75.47738488,83.11589435,6232.486462333333
-45.40686621,204.5498155,312.57696239999996,1010.4714449999999,1.3339957690000002,67.09823857,-0.541845198,-0.43336849,8187444.0,76.42660539,102.64630670000001,6281.493643666668
-33.08737561,131.08864,308.58326,1010.2658460000001,1.55424702,71.42730924,0.18742504899999998,-0.138903469,5405329.0,79.83012741,116.19991979999999,6234.4689616666665
-29.77084344,70.36950953,282.1815783,1010.542201,1.640172142,73.65178683,0.00943919,-0.143650819,4324232.0,80.82188811,91.76979966,6106.2783346666665
-26.48666185,24.94342824,254.8574236,1009.9616710000001,1.442715136,74.76767117,0.39994930799999995,0.11353158099999999,6799766.0,83.84134984,76.25149402,6000.449417666667
-28.74263242,5.4764129520000004,219.87577709999997,1012.899255,1.237295435,73.89647799,-0.358396993,-0.27449426899999996,10082302.0,84.93993451,53.34389971,5911.0219013333335
-20.33367171,1.317234512,206.2414674,1010.8067,1.110035374,76.9056318,0.22955094899999998,0.031452182,12448216.0,85.52934883,48.25161441,5847.996069666668
-19.77484104,3.378671735,192.5151032,1011.85063,0.9534073679999999,76.81104711,0.563895994,0.215483864,14140570.0,85.20749023,40.92480084,5802.244287333332
-20.68627311,19.75120718,190.6815028,1010.8784529999999,0.929918893,74.19832738,0.331304052,0.061420063,15092274.0,81.75580612,37.99293405,5814.488421333333
-24.51284995,72.13690374,197.4923202,1014.241223,0.804600655,72.40926085,-0.4290331,-0.523403619,15327558.0,80.60430415,34.84976615,5876.737032
-26.97033904,157.95541459999998,223.34255770000001,1018.124992,0.8254257420000001,70.39655778,-0.730846707,-0.530311955,14485645.0,79.53273288,43.82019989,5995.778129666666
-33.77248805,230.0203738,261.4440508,1018.560169,0.8179378690000001,67.78268748,-0.551627147,-0.492869722,13227604.0,76.91931734,59.67588335,6136.744276333334
-48.57151803,246.3508957,289.6874492,1012.515532,1.265738209,67.59214036,-0.286394881,-0.303800654,11410751.0,74.73649744,81.98113196,6206.363474666668
-44.52545662,203.2021033,308.99772,1011.053616,1.410021955,67.64071344,-0.400193564,-0.316896282,9008575.0,76.38580216,104.0013743,6270.772417333333
-34.31691568,130.5650691,306.5279788,1009.793994,1.526733355,70.13114593,-0.211059642,-0.31629648,6068790.0,80.469134,114.9863476,6225.929655
-25.71680464,68.23409956,283.0286423,1011.935616,1.3858781,72.55295925,0.224554812,-0.117203227,4736942.0,81.03049709999999,91.58332014,6132.778653
-29.99485297,24.60584041,248.23961119999998,1007.70654,1.483972528,74.87431452,0.6786881490000001,-0.001486393,8439029.0,82.45434079,70.31932865,5959.425266666666
-27.54836923,5.215137205,220.03910980000003,1012.8273859999999,1.1136576120000001,76.09209118,0.061090559,-0.28089215,10644064.0,85.41097419,52.08654617,5905.708482333334
-16.56425621,1.301527279,203.366654,1012.574422,1.091069651,75.53686009,0.8019763000000001,0.323445608,12568539.0,84.94284336,48.30989842,5863.592651999999
-17.11846609,3.584003497,195.38296019999999,1011.7087789999999,0.917336625,73.62113607,0.826899783,0.19870777,14189868.0,83.12126074,40.43051467,5832.677161
-21.57155094,19.5917127,187.07863999999998,1017.9849199999999,0.842354589,74.29430287,-0.001526889,-0.22507219399999998,14926167.0,81.82345978,36.67005988,5889.224744
-22.21816836,71.34478057,195.6141726,1018.196076,0.77977205,74.80514088,-0.257766221,-0.330772445,15207009.0,81.39325372,35.89303588,5908.195453666667
-26.32429384,157.8708995,222.07934530000003,1014.5314800000001,0.890724799,71.86447921,0.21836684,-0.16884829899999998,14639814.0,79.58422244,45.00411128,5957.773546666667
-33.55768109,232.3137389,257.302899,1013.295717,0.9021140740000001,67.97526633,0.006261618,-0.200775445,13427909.0,77.62572078,58.63386856,6080.289246
-47.39619508,243.90044819999997,291.10447339999996,1014.913493,1.091372295,67.67531985,-0.28486408,-0.30959232600000003,11510998.0,76.17455068,81.77633156,6221.838332666666
-46.20603178,205.7981747,308.6986167,1014.856176,1.227517012,66.71394318,-0.8604519690000001,-0.586110834,8836383.0,75.92843142,97.85628353,6299.356484
-35.07702404,136.2158228,303.9422465,1011.459987,1.4561657,70.54552725,0.016588275,-0.21026391100000003,6287725.0,77.38000289,105.59635049999999,6226.909592
-27.52022027,70.21900543,283.6382142,1008.570273,1.5102660330000002,73.06382312,0.5777719020000001,0.006656051,5388226.0,79.81817606,93.98064077,6109.880481666667
-26.88644535,24.94961429,250.70862000000002,1015.7227439999999,1.211602408,74.182249,-0.34607419799999994,-0.329422377,7549044.0,82.73219711,68.1300991,6031.722228999999
-23.48546837,5.408287626,218.6668799,1011.216011,0.987150042,75.09470488,-0.246715527,-0.127328889,10264770.0,84.53968095,52.47007867,5901.192842333334
-20.56052535,1.338502468,201.51591169999998,1021.148654,0.93791664,72.4192294,-0.7178307540000001,-0.486887068,12564894.0,82.15416837,43.267888,5943.577524333334
-17.704636999999998,3.527869509,192.2312898,1017.5378289999999,0.8708256529999999,72.06833826,0.874707364,0.301376547,13905174.0,82.23375057,40.45756656,5880.711335666667
-21.01515266,19.90918178,190.59558049999998,1023.6774630000001,0.658762359,71.4504181,-1.15625686,-0.7505299129999999,14699490.0,80.39359238,30.51731097,5944.732886333332
-21.69412907,71.06106413,200.2705767,1014.296813,0.77103497,71.85861162,-0.667049818,-0.541392121,15191245.0,77.71689555,34.78300463,5895.975880666666
-24.05200843,156.2789468,229.6792693,1016.6054710000001,0.8257172770000001,69.54801861,-0.067269262,-0.307243023,14763368.0,76.21560409,45.26579497,6011.254486666668
-35.35048044,225.0297696,265.8791892,1019.399766,0.8429051329999999,66.10123514,-0.6711646170000001,-0.550946288,13168434.0,76.92594754,63.83142084,6161.713562999998
-45.24938891,233.98196009999998,294.761794,1011.362422,1.267711426,68.2362037,-0.367556734,-0.300036917,10859325.0,77.91547235,88.342913,6208.185274666667
-44.53556053,204.0538519,312.11461710000003,1009.4996359999999,1.409981727,68.09739163,0.634281061,0.156974125,8381012.0,75.70848348,101.46414399999999,6273.589366666667
-33.50679618,129.7509122,309.0879105,1010.8323310000001,1.561666741,71.29753005,0.023262887000000003,-0.22417204699999999,6034017.0,80.48480447,121.37014860000001,6247.3779460000005
-25.99704578,68.31466962,284.3707683,1013.058869,1.419857973,73.12351283,-0.36100144,-0.374528995,4932518.0,81.39819917,96.74890755,6150.6505713333345
-26.60475956,24.63537129,253.6602155,1011.437232,1.274739574,74.97179749,-0.635006956,-0.48265446700000003,7728827.0,83.34970759,68.52607618,6015.256132999999
-26.17700706,5.316236476,222.5547023,1012.606974,1.146229388,75.86795323,-0.026753826,-0.262548651,9889364.0,84.30579799,53.83824105,5917.387042666666
-22.66314903,1.3368850190000001,200.4194468,1021.109743,0.9398027959999999,74.38919605,-0.059838605,-0.32380708399999997,12074823.0,83.44943871,43.683333600000005,5929.288835666666
-19.76695633,3.4137966910000004,198.6532299,1017.3704339999999,0.9103071970000001,73.72991854,0.47460626,0.0027997079999999997,13687408.0,83.81188246,41.65557343,5885.864517999999
-16.33263984,19.27932142,189.9492404,1010.9411380000001,0.958285721,74.44623878,0.572481305,0.35494499799999996,14485507.0,82.17861117,38.52326966,5801.718881666667
-23.68497814,69.95782878,205.5995054,1009.6718210000001,0.902776673,72.64375679999999,1.53500506,0.48749074299999995,14667862.0,77.90175225,39.66400292,5840.658588666666
-22.13125226,154.0223158,227.1905457,1009.3513869999999,0.909197954,70.88140094,0.634731654,0.16784812,14220151.0,78.89276718,47.64252728,5935.706926999999
-37.85000974,232.85334049999997,258.71063419999996,1016.8589929999999,0.845362022,66.92473064,-0.401257149,-0.38980878399999996,12879445.0,74.90928175,55.09606762,6127.033338
-47.3429783,242.2054649,293.9848455,1013.9145,1.129238661,66.39632512,-0.78284608,-0.52905793,11040404.0,74.64851623,82.03871665,6236.507045333333
-45.02080377,201.6824585,311.79869360000004,1010.974057,1.364126902,67.5514022,-0.411197845,-0.381570662,7938013.0,77.34257184,102.8233098,6281.989242333333
-34.46028487,131.56837040000002,306.9570441,1012.5144359999999,1.47037705,70.26280632,-0.91765048,-0.604458376,5566580.0,79.95448771,115.564323,6249.943442
-24.18417099,69.03735775,285.4083961,1008.6099949999999,1.445263561,73.62425520000001,0.098858427,-0.155514442,4631846.0,81.36544191,97.69619157,6114.718955
-28.77244663,24.68651969,252.78355200000001,1008.617915,1.460521696,75.84333518,-0.07951174700000001,-0.10049771,7172775.0,83.48958712,73.38245179,5974.650956333332
-23.40735485,5.58280938,219.9194133,1009.088725,1.239925449,76.93630412,0.348451878,0.101893931,10034601.0,85.52288301,56.81445189,5874.233869666667
-23.93075144,1.311043619,205.04803049999998,1007.5293130000001,1.108529283,77.5833261,0.605485547,0.092636724,12466197.0,86.09925409,44.40232144,5799.155945666666
-14.04468617,3.502242817,196.2837488,1016.6873720000001,0.905635871,74.55175085,0.586694709,0.386633025,13860823.0,83.76638193,39.96370004,5861.938356
-16.34144282,19.5062787,198.6116709,1013.943409,0.919092488,74.85503349999999,0.9992068359999999,0.33597905100000003,14697697.0,82.24197004,39.5755875,5872.046947
-18.78966433,72.06294853,198.1125645,1014.805826,0.83279628,74.36475259999999,0.184070625,0.018816183,15313867.0,80.28960318,37.52757384,5881.600047
-28.37019477,156.4857744,227.809067,1016.4257869999999,0.81719787,69.61794081,-0.551751287,-0.59782115,14783173.0,79.02677353,45.62193968,6005.875237666667
-37.06148426,227.5491391,262.9565981,1014.988702,0.968612151,67.94312885,-0.101966615,-0.29726342,13161140.0,77.35603382,62.54812032,6118.321506666667
-47.756683100000004,239.3483406,298.20475439999996,1013.099273,1.1700611,66.45395101,-0.283502853,-0.354907807,10965768.0,74.95740053,87.43811103,6251.477792333334
-46.02182553,198.80406409999998,313.5950777,1010.007436,1.435241405,68.49328204,0.29519981,-0.11087247,7955719.0,76.73267575,106.67785829999998,6274.922812
-33.51546798,127.7945034,307.21148900000003,1009.6852029999999,1.5711559590000002,72.15885816,0.23403544,-0.051745818,4712820.0,80.52874321,117.3069203,6219.939002
-26.15995771,68.87079431,284.9338894,1009.276576,1.549032625,72.56833451,0.12383054,-0.24931405,3629315.0,79.74408294,95.12703473,6125.440806
-27.86428739,24.53849246,251.10079610000003,1017.032221,1.247648558,72.53793934,-0.051919092,-0.33589988200000004,7086881.0,80.94891659999999,67.09635467,6048.361891666666
-25.85860011,5.297169763,222.2053267,1014.933592,1.148731762,73.71820151,0.148272502,-0.14108536800000002,9938665.0,83.56054871,54.37233034,5938.660222666666
-24.564386199999998,1.3432996169999998,198.9252287,1019.093057,0.870644147,72.78392244,-0.267086167,-0.231539787,12261353.0,82.65488327,39.01086178,5903.985297
-17.08812303,3.532508777,192.9726135,1015.8826050000001,0.866392701,73.02774659999999,-0.87155021,-0.42692244700000004,13913058.0,82.93331163,37.25123302,5879.2702659999995
-14.86035302,19.33904914,189.3694829,1017.372096,0.7724925229999999,77.16706762,-0.048476522,-0.147788564,14813126.0,83.31758991,36.34285889,5872.078291333332
-25.09207186,74.14894815,192.5896663,1023.922429,0.693005945,70.16374473,-1.306504815,-0.8537325259999999,15159427.0,76.37451762,30.6206679,5939.992109666666
-25.28007068,159.8439886,222.9476454,1017.879241,0.7920672959999999,69.14880206,0.138359539,-0.285456642,14440180.0,75.42511343,41.52695887,5980.3848486666675
-37.08549454,231.31314269999996,257.70548030000003,1015.4547210000001,0.914526355,68.18790344,-0.030334916,-0.192050483,13125777.0,77.09942897,59.14949981,6094.582096333333
-48.96326494,249.07354610000002,292.5334322,1011.402275,1.201160135,66.7448876,0.740669956,0.079843858,11604767.0,72.32621219,80.86920991,6217.546937666667
-43.93202614,198.1088868,311.8593745,1011.479417,1.364688505,68.92674885,0.209837009,-0.077992194,8452798.0,76.72231063,111.8025098,6284.731405666666
-37.15394178,139.3152956,303.18640310000006,1010.099293,1.529150691,69.15069072,0.393363986,-0.066643034,6103660.0,77.0049477,109.14493159999999,6225.960501666667
-25.96184168,67.76476617,283.3608431,1011.678789,1.433232326,72.15232846,-0.486216601,-0.334208358,5353405.0,82.56626534,98.00661923,6133.097556333333
-24.77962993,24.31489936,250.17035890000002,1009.896175,1.378005538,75.00580345,-0.05638859,-0.2583669,8145809.0,82.82624934,71.37894502,5992.04854
-26.99370723,5.352453302,218.03451099999998,1007.6009539999999,1.2844164470000001,75.78544831,1.27464226,0.317028338,10261823.0,84.3837241,54.79670685,5858.667570333334
-20.40460866,1.271147773,204.5398757,1011.2185529999999,1.05548537,74.75375346,0.102346351,-0.070631413,12450740.0,84.26296444,45.73066531,5848.863897666666
-11.70272125,3.4177320210000004,195.14853390000002,1014.676444,0.863289104,73.65458004,-0.828296915,-0.379539935,13859281.0,83.13963896,39.76346922,5862.166879666666
-11.85390452,19.17108123,199.1781661,1017.085089,0.77880598,72.58177367,-0.311024521,-0.2366474,14545530.0,81.31938085,39.99858713,5889.327223333334
-18.53043047,70.77716493,205.673719,1011.0651039999999,0.87015432,71.34847426,0.43863299,0.024804212000000003,14873045.0,77.22834999,38.08501404,5865.413169
-26.12323635,156.0262418,226.37307689999997,1010.679117,0.875355865,70.61680536,0.572848768,0.058492080999999994,14251514.0,78.01555819,44.88413531,5939.000588999999
-34.74028418,228.17634280000004,259.5438235,1015.4215550000001,1.0072387059999999,68.92595959999998,0.375358507,-0.063598226,12804783.0,77.40834579999999,64.27654552,6113.796313
-47.79286368,242.1479207,292.5283704,1013.6708390000001,1.239982361,66.93024151,-0.218551658,-0.23479684,11342310.0,76.17897879,85.21933425,6220.368184
-43.75393753,198.3812464,313.24411660000004,1012.0148210000001,1.361780701,68.89304464,-0.075105435,-0.19562902899999998,8282561.0,77.73485287,109.5761689,6283.597343333334
-36.86598687,136.63335469999998,306.87965089999994,1010.7039269999999,1.541474315,69.09331796,0.053492628,-0.161803623,6226020.0,78.61301144,107.51202079999999,6236.367568333334
-27.08652501,71.8008308,279.46927239999997,1009.473885,1.5192747969999998,72.76953757,0.706968498,0.114394031,5292877.0,79.92189211,87.6610685,6098.859286333333
-24.65532805,25.16166944,250.25129139999999,1015.028424,1.239267165,73.86531223,-0.9141297829999999,-0.516536966,8116325.0,83.65677477,68.41697729,6024.540296333333
-16.943409699999997,5.414318043,221.486625,1012.379548,1.074124656,73.38704701,0.090472935,-0.070381515,10379551.0,83.91958432,57.07331028,5929.068593999999
-25.73196663,1.281098303,204.1386992,1011.7862150000001,1.146510306,74.89423575,0.023200217999999998,-0.22030784899999997,12587452.0,85.05741792,46.29190471,5853.491255000001
-19.844264199999998,3.418420218,193.6188417,1010.696293,0.9884428609999999,75.03037631,0.025111569,-0.004147781,13753202.0,83.44353778,39.34736799,5819.236671333333
-21.55813038,18.68657065,194.3305869,1011.584048,1.023764918,74.29801244,1.2148051309999999,0.361988132,14513390.0,83.02094524,42.7543321,5820.049575333333
-16.82584551,70.12123522,204.4640477,1010.134541,0.956887855,73.3770996,0.803506567,0.268968769,14486792.0,79.17186413,39.70755992,5843.268077666667
-25.06692453,155.12815619999998,227.624927,1013.2570710000001,0.828371778,69.16306419,-0.124752252,-0.213998799,13977043.0,78.10977381,43.88697271,5973.930992333332
-36.16159711,229.24578340000002,259.7517194,1014.0101980000001,0.965511607,68.43754897,-0.347326135,-0.441805667,12687025.0,77.32515746,59.89894942,6103.832266333334
-47.78037482,242.3756235,293.0737876,1010.806527,1.250663903,67.60990438,0.151541824,-0.09558683300000001,11046918.0,74.25219323,84.00289000000001,6211.938245333334
-43.48201038,193.4849948,312.48351180000003,1012.3205630000001,1.37264573,68.70133220000001,-1.212970957,-0.662924504,8826170.0,79.28353919999999,114.38137520000001,6289.990581333333
-33.73243786,130.9610379,305.89921160000006,1013.2057900000001,1.5562713959999999,70.99821487,-0.41547928700000003,-0.280412765,5656263.0,80.48065354,119.15671529999999,6242.829514
-25.32702249,69.9752563,282.831107,1011.9376560000001,1.519039847,71.74117504,0.547756045,0.039144648,4684205.0,80.2816816,97.62299914,6133.103670666666
-21.78044261,25.34491373,251.92332709999997,1010.7676230000001,1.311617386,73.74337688,0.41340305200000005,0.00550875,7792677.0,83.21930929,69.41878548,6008.938422666667
-22.7648925,5.5577670370000005,221.88535,1009.5985300000001,1.173309325,77.96646856,0.5821252060000001,0.21225831399999998,10106923.0,84.96499307,52.98839806,5880.957775
-23.53853575,1.281963603,199.3544373,1008.323642,1.109321954,74.2903969,-0.045283345999999995,-0.16885989,12333348.0,84.01931437,45.68123248,5805.044041333334
-12.76033047,3.3789397180000003,203.5569065,1014.9206869999999,0.8248850879999999,70.56373691,-0.306657087,-0.203904112,13606835.0,82.53133211,39.63130476,5896.606497
-14.52373395,19.04042223,202.0004198,1013.4029609999999,0.879642138,71.85135148,-0.66450148,-0.46398579,14291677.0,80.05183548,39.61273104,5872.575467
-16.62601402,71.43003185,206.38494219999998,1013.64625,0.754397533,71.78674044,0.353980016,-0.080674672,14521587.0,78.31834635,37.29251917,5914.542536
-25.45966487,157.1855181,230.71423489999998,1018.126792,0.779073205,67.23026117,-0.655397581,-0.67565632,13805814.0,76.48994074,43.61341517,6044.187186
-36.08916925,224.7285673,265.9319719,1015.990152,0.935516991,67.8153287,-0.400389905,-0.347109619,12093470.0,77.20609572,63.76313272,6133.2892323333335
-49.47024031,246.8302124,294.73865739999997,1011.926864,1.184574546,66.64921187,0.489354919,0.039887343,10645155.0,73.28548577,81.55940059,6224.5544
-46.44951079,203.9607504,313.13457400000004,1011.486351,1.393808607,67.54323245,0.015546931000000002,-0.179314647,8183891.0,74.91276301,102.8687541,6287.909671333334
-35.394582899999996,136.8320669,306.08326969999996,1010.495694,1.636299439,68.70323101,1.111060921,0.20945389,5595206.0,76.4085997,110.2034928,6247.745316666666
-22.59680326,69.64792920000001,288.0006336,1010.355081,1.516881361,70.65807213,0.661541453,0.063119907,4738491.0,78.94822074,100.6507252,6153.491744333333
-16.73828815,24.3774533,260.00995980000005,1016.3378029999999,1.253413847,72.21552755,0.19378267,0.12370515,6489544.0,82.19974877,75.76175905,6079.823151666667
-25.08128425,5.412227419,228.7988091,1013.447642,1.150187296,75.32320232,0.071341522,0.037579056,9080282.0,84.47832101,55.97983099,5948.476752
-24.54403765,1.284706918,204.4958815,1009.3951890000001,1.1726231740000002,75.81518148,0.447632385,0.200393557,12062117.0,84.28094378,48.16984088,5838.890731
-23.45221286,3.4375310339999996,198.7776993,1009.51632,1.132980873,75.90708628,1.242047446,0.45156273799999996,13394913.0,83.12299112,46.5414063,5825.161954333333
-15.95287711,19.25999388,199.1221664,1012.787078,0.964174532,74.95856857,0.469148795,0.183697135,14261171.0,82.62047071,43.10084411,5865.182575333333
-18.89752492,70.45830581,209.00734540000002,1011.198434,0.8524936390000001,73.15281521,1.4877826680000001,0.464526117,14456364.0,77.62907219,39.21229905,5884.674826666666
-28.32129808,158.1316229,225.93538909999998,1014.995192,0.893439653,69.56154611,-0.387542055,-0.44711054299999997,13823701.0,77.94126673,43.93361107,5976.216609666666
-35.51777006,226.16767400000003,260.29998489999997,1016.371228,0.9381022920000001,68.16209719,-1.004133323,-0.540068376,12747403.0,80.28207809999999,64.85255488,6110.517007000001
-47.24504246,246.79112630000003,291.1924552,1010.17955,1.1873596640000001,66.51231913,-0.132375758,-0.23660192,11065909.0,74.41617449,81.37766746,6193.993423666667
-45.31006574,204.566577,308.00259,1008.603584,1.417890831,67.56965113,0.387774721,-0.025066524,8271989.0,75.47244672,104.7374573,6248.907703333333
-36.03591284,133.7783158,308.0079717,1009.566284,1.594198815,70.36873998,0.586042071,0.063868775,5510251.0,79.18837472,115.65359879999998,6230.148901333334
-23.67926206,65.80592838,287.6567648,1012.4983300000001,1.4819562819999998,71.57131264,-0.053726971,-0.188911877,4894919.0,82.38254264,105.8609871,6160.147489999999
-24.89696501,23.68049758,256.80072659999996,1011.108312,1.3966302519999998,75.77842969,-0.315398446,-0.17832336,7399693.0,85.51416071,76.11327883,6017.501951666668
-27.37642794,5.338239796,223.36718650000003,1013.9626089999999,1.3427901969999998,74.92391438,-0.683680457,-0.34692654,9844098.0,84.2020574,56.37330159,5937.776673
-20.94638545,1.262921962,210.8195534,1014.032386,1.0746630670000001,74.82987818,-0.309012539,-0.33660390799999995,12011969.0,83.77654007,45.88569528,5903.343033
-15.88177711,3.434377431,200.62177759999997,1015.76847,0.9056502790000001,74.88953328,-0.200638918,-0.109246405,13246553.0,83.42817446,40.89567678,5880.0678609999995
-14.21487363,19.03160393,203.494506,1015.6359130000001,1.010472227,72.79552927,0.36077828100000003,0.400721225,14115339.0,83.16797696,44.81536808,5892.937314333333
-24.74562005,71.76455765,195.5862774,1017.695891,0.813147295,74.25936862,-0.9561103190000001,-0.49782580600000004,14408998.0,79.71285637,34.61409008,5898.542842666667
-22.7529464,159.257154,224.4850937,1013.7182529999999,0.7720470490000001,68.34979624,-0.224127424,-0.421817254,13766034.0,74.60495616,40.60593371,5990.294398999999
-32.86772802,228.3889016,259.5951528,1011.7019550000001,0.991411253,67.99198707,0.074730024,-0.091166863,12363082.0,79.28088056,63.57896234,6082.352318666667
-46.26986603,245.1318018,294.1720887,1010.577908,1.219820631,67.23091429,0.16974515399999998,-0.152736693,10926087.0,74.7781135,82.56776717,6219.544382
-44.4727109,201.3944394,311.1311007,1010.154727,1.404619911,68.12012783,0.996553246,0.290535657,8661358.0,76.37928911,107.94789440000001,6274.3055503333335
-33.51549553,128.1561606,308.95517810000007,1008.4338740000001,1.6934161209999998,71.54234531,0.38087135299999997,-0.040807457000000005,5622998.0,81.06294851,119.97375459999999,6218.9519040000005
-26.82892281,71.0004273,283.7209784,1011.2299220000001,1.571682286,72.18638204,0.590761402,0.050950599000000006,4834953.0,79.32893104,94.03074119,6134.249280666667
-25.60434729,25.37763704,257.38424449999997,1009.500666,1.431546006,74.10900014,0.275876131,-0.00018562,6824601.0,81.0660077,71.86870992,6017.538400666665
-22.48075835,5.4053049920000005,221.22450919999997,1015.8544189999999,1.0629746409999998,73.6864537,-0.27970928300000003,-0.26617022,10279618.0,84.03479575,56.76482018,5948.27048
-19.55794669,1.29178805,205.6761781,1011.713278,0.9949198309999999,74.95122103,0.8466780859999999,0.186542612,12092694.0,84.33150885,46.13268829,5866.1928880000005
