,CSP_TKE_RS,CSP_TKE_SH,CSP_TKE_BU,CSP_TKE_TR,CSP_TKE_DI,CSP_TKE_SGS,CSP_TKE,CSP_TKE_TEND,CSP_P
0,0.0,0.0,0.0,0.0,0.0,0.0,0.0,0.0,0.0
1,2.8939369e-09,0.0,-5.4810635e-12,0.0,0.0,0.0,2.8939369e-09,-5.4810635e-12,68207.24
2,1.1740004e-08,-2.8720434e-11,9.935044e-11,0.0,0.0,0.0,1.1740004e-08,4.1909566e-11,68585.63
3,1.4494164e-08,-2.2790467e-11,1.2115482e-10,0.0,0.0,0.0,1.4494164e-08,7.5573894e-11,68719.945
4,1.3898109e-08,5.889356e-12,1.9262586e-11,0.0,0.0,0.0,1.3898109e-08,3.1041298e-11,68657.77
5,1.3140368e-08,1.9443181e-11,-1.44026015e-11,0.0,0.0,0.0,1.3140368e-08,2.4483762e-11,68611.65
6,1.630102e-08,2.5188643e-11,8.555769e-11,0.0,0.0,0.0,1.630102e-08,1.3593499e-10,68619.78
7,2.0332948e-08,3.2232394e-11,1.2410045e-10,0.0,0.0,0.0,2.0332948e-08,1.8856525e-10,68634.55
8,2.4348457e-08,3.8361012e-11,1.0816441e-10,0.0,0.0,0.0,2.4348457e-08,1.8488643e-10,68635.05
9,2.6862445e-08,3.6924023e-11,-1.4790873e-10,0.0,0.0,0.0,2.6862445e-08,-7.406069e-11,68630.81
10,2.9215453e-08,2.9207053e-11,-1.8505798e-10,0.0,0.0,0.0,2.9215453e-08,-1.2664388e-10,68629.836
11,3.4893578e-08,2.5993365e-11,-9.9824114e-11,0.0,0.0,0.0,3.4893578e-08,-4.783738e-11,68630.87
12,4.5087344e-08,3.5916506e-11,3.3344302e-12,0.0,0.0,0.0,4.5087344e-08,7.516744e-11,68631.375
13,5.5646492e-08,4.791686e-11,1.6978206e-10,0.0,0.0,0.0,5.5646492e-08,2.6561578e-10,68631.22
14,6.2681366e-08,4.0800602e-11,3.4702233e-10,0.0,0.0,0.0,6.2681366e-08,4.2862355e-10,68631.07
15,6.657323e-08,1.03351095e-11,5.342056e-10,0.0,0.0,0.0,6.657323e-08,5.5487587e-10,68631.125
16,7.277742e-08,-1.3225927e-11,6.727398e-10,0.0,0.0,0.0,7.277742e-08,6.4628797e-10,68631.21
17,8.588642e-08,-3.3109782e-12,7.0976025e-10,0.0,0.0,0.0,8.588642e-08,7.031383e-10,68631.24
18,1.0700203e-07,3.7359005e-11,5.9699395e-10,0.0,0.0,0.0,1.0700203e-07,6.7171196e-10,68631.26
19,1.314235e-07,7.3241406e-11,5.084812e-10,0.0,0.0,0.0,1.314235e-07,6.54964e-10,68631.28
20,1.5273297e-07,8.197748e-11,3.3897768e-10,0.0,0.0,0.0,1.5273297e-07,5.0293264e-10,68631.305
21,1.7017568e-07,7.383018e-11,2.2625096e-10,0.0,0.0,0.0,1.7017568e-07,3.739113e-10,68631.336
22,1.8058176e-07,7.301899e-11,1.3623684e-10,0.0,0.0,0.0,1.8058176e-07,2.8227481e-10,68631.37
23,1.8665501e-07,6.361914e-11,3.8477546e-12,0.0,0.0,0.0,1.8665501e-07,1.3108603e-10,68631.39
24,1.9111404e-07,5.0436603e-11,-8.205736e-11,0.0,0.0,0.0,1.9111404e-07,1.8815845e-11,68631.414
25,1.9393178e-07,2.9077353e-11,-1.2931002e-10,0.0,0.0,0.0,1.9393178e-07,-7.115532e-11,68631.44
26,2.0277105e-07,1.8491923e-11,-1.0617225e-10,0.0,0.0,0.0,2.0277105e-07,-6.9188405e-11,68631.45
27,2.1600475e-07,1.6127797e-11,-9.3658525e-11,0.0,0.0,0.0,2.1600475e-07,-6.140294e-11,68631.484
28,2.3344202e-07,2.8152845e-11,-1.0666904e-10,0.0,0.0,0.0,2.3344202e-07,-5.036335e-11,68631.51
29,2.5052708e-07,2.937337e-11,-8.3240935e-11,0.0,0.0,0.0,2.5052708e-07,-2.4494198e-11,68631.53
30,2.6177463e-07,5.1965307e-12,4.7016488e-11,0.0,0.0,0.0,2.6177463e-07,5.740955e-11,68631.55
31,2.6529162e-07,-3.596703e-11,1.815854e-10,0.0,0.0,0.0,2.6529162e-07,1.0965133e-10,68631.56
32,2.700668e-07,-7.3785165e-11,3.1384997e-10,0.0,0.0,0.0,2.700668e-07,1.6627963e-10,68631.58
33,2.7841665e-07,-8.4702044e-11,4.4517315e-10,0.0,0.0,0.0,2.7841665e-07,2.7576905e-10,68631.59
34,2.8725677e-07,-6.632e-11,4.6532816e-10,0.0,0.0,0.0,2.8725677e-07,3.3268815e-10,68631.6
35,2.981768e-07,-4.1690436e-11,4.1597298e-10,0.0,0.0,0.0,2.981768e-07,3.3259212e-10,68631.6
36,3.1156574e-07,-1.6794358e-11,3.4057107e-10,0.0,0.0,0.0,3.1156574e-07,3.0698238e-10,68631.61
37,3.2602227e-07,3.6596975e-12,2.818161e-10,0.0,0.0,0.0,3.2602227e-07,2.891355e-10,68631.625
38,3.40546e-07,1.9064583e-11,2.0855205e-10,0.0,0.0,0.0,3.40546e-07,2.4668123e-10,68631.63
39,3.5561274e-07,2.5045608e-11,1.342103e-10,0.0,0.0,0.0,3.5561274e-07,1.843015e-10,68631.64
40,3.6883452e-07,1.9335904e-11,1.03621875e-10,0.0,0.0,0.0,3.6883452e-07,1.4229369e-10,68631.65
41,3.7973706e-07,4.122303e-12,9.621498e-11,0.0,0.0,0.0,3.7973706e-07,1.0445958e-10,68631.66
42,3.8786746e-07,-1.511296e-11,8.2199504e-11,0.0,0.0,0.0,3.8786746e-07,5.1973585e-11,68631.664
43,3.958865e-07,-3.5931553e-11,9.98828e-11,0.0,0.0,0.0,3.958865e-07,2.8019694e-11,68631.67
44,4.0356002e-07,-4.015335e-11,1.0128759e-10,0.0,0.0,0.0,4.0356002e-07,2.0980887e-11,68631.68
45,4.0714835e-07,-3.1959407e-11,5.1316763e-11,0.0,0.0,0.0,4.0714835e-07,-1.2602051e-11,68631.68
46,4.0812532e-07,-2.1022958e-11,-2.3389261e-11,0.0,0.0,0.0,4.0812532e-07,-6.543517e-11,68631.69
47,4.055686e-07,-2.8672955e-11,-4.141866e-11,0.0,0.0,0.0,4.055686e-07,-9.8764566e-11,68631.69
48,4.0191395e-07,-5.0568882e-11,1.8845512e-11,0.0,0.0,0.0,4.0191395e-07,-8.2292256e-11,68631.695
49,3.9576597e-07,-6.103125e-11,8.0345966e-11,0.0,0.0,0.0,3.9576597e-07,-4.1716533e-11,68631.7
50,3.877234e-07,-6.624706e-11,1.5468167e-10,0.0,0.0,0.0,3.877234e-07,2.2187543e-11,68631.7
51,3.7931184e-07,-8.0768316e-11,2.7401423e-10,0.0,0.0,0.0,3.7931184e-07,1.12477604e-10,68631.7
52,3.697143e-07,-9.5288125e-11,3.3646594e-10,0.0,0.0,0.0,3.697143e-07,1.4588968e-10,68631.71
53,3.5697235e-07,-9.583942e-11,3.2834468e-10,0.0,0.0,0.0,3.5697235e-07,1.3666585e-10,68631.71
54,3.4406585e-07,-8.1991365e-11,3.2961764e-10,0.0,0.0,0.0,3.4406585e-07,1.6563492e-10,68631.71
55,3.3481655e-07,-6.661652e-11,2.8595767e-10,0.0,0.0,0.0,3.3481655e-07,1.5272464e-10,68631.71
56,3.2819602e-07,-4.435085e-11,2.3645402e-10,0.0,0.0,0.0,3.2819602e-07,1.4775231e-10,68631.71
57,3.2482933e-07,-1.7044767e-11,2.0850585e-10,0.0,0.0,0.0,3.2482933e-07,1.7441631e-10,68631.72
58,3.2668316e-07,2.6439701e-12,2.7878735e-10,0.0,0.0,0.0,3.2668316e-07,2.840753e-10,68631.72
59,3.3184895e-07,1.0917037e-11,3.6076198e-10,0.0,0.0,0.0,3.3184895e-07,3.8259607e-10,68631.72
60,3.3794427e-07,1.350692e-11,3.8997738e-10,0.0,0.0,0.0,3.3794427e-07,4.1699122e-10,68631.72
61,3.4389086e-07,1.6369583e-11,3.4463582e-10,0.0,0.0,0.0,3.4389086e-07,3.7737496e-10,68631.72
62,3.4971922e-07,2.1339411e-11,2.2715133e-10,0.0,0.0,0.0,3.4971922e-07,2.6983013e-10,68631.72
63,3.5523973e-07,2.1252989e-11,2.0062314e-10,0.0,0.0,0.0,3.5523973e-07,2.4312913e-10,68631.72
64,3.6251106e-07,1.2882734e-11,2.890985e-10,0.0,0.0,0.0,3.6251106e-07,3.1486394e-10,68631.72
65,3.710049e-07,-4.1005307e-12,3.8598905e-10,0.0,0.0,0.0,3.710049e-07,3.77788e-10,68631.72
66,3.772957e-07,-1.8298023e-11,3.9885636e-10,0.0,0.0,0.0,3.772957e-07,3.622603e-10,68631.71
67,3.8239924e-07,-2.0009293e-11,3.489552e-10,0.0,0.0,0.0,3.8239924e-07,3.089366e-10,68631.71
68,3.8720293e-07,-1.5792354e-11,2.9867814e-10,0.0,0.0,0.0,3.8720293e-07,2.670934e-10,68631.71
69,3.9371747e-07,-1.1236919e-11,3.5059222e-10,0.0,0.0,0.0,3.9371747e-07,3.2811837e-10,68631.71
70,4.024432e-07,-1.288455e-11,3.9079373e-10,0.0,0.0,0.0,4.024432e-07,3.6502462e-10,68631.7
71,4.1351154e-07,-1.9102248e-11,4.1008846e-10,0.0,0.0,0.0,4.1351154e-07,3.7188397e-10,68631.7
72,4.236478e-07,-2.020105e-11,4.4231807e-10,0.0,0.0,0.0,4.236478e-07,4.0191594e-10,68631.695
73,4.2595894e-07,-2.3800004e-11,4.749311e-10,0.0,0.0,0.0,4.2595894e-07,4.2733106e-10,68631.695
74,4.2422735e-07,-2.9357024e-11,5.0488613e-10,0.0,0.0,0.0,4.2422735e-07,4.461721e-10,68631.695
75,4.254391e-07,-3.550623e-11,5.1984866e-10,0.0,0.0,0.0,4.254391e-07,4.4883622e-10,68631.69
76,4.2576062e-07,-4.334245e-11,5.2074584e-10,0.0,0.0,0.0,4.2576062e-07,4.3406095e-10,68631.68
77,4.2809936e-07,-4.8554487e-11,5.100567e-10,0.0,0.0,0.0,4.2809936e-07,4.1294773e-10,68631.68
78,4.2958823e-07,-4.7166833e-11,4.985593e-10,0.0,0.0,0.0,4.2958823e-07,4.0422565e-10,68631.68
79,4.345218e-07,-5.0390553e-11,4.871421e-10,0.0,0.0,0.0,4.345218e-07,3.86361e-10,68631.67
80,4.389893e-07,-5.0017514e-11,4.4307097e-10,0.0,0.0,0.0,4.389893e-07,3.4303593e-10,68631.664
81,4.38891e-07,-4.9346412e-11,4.5798387e-10,0.0,0.0,0.0,4.38891e-07,3.5929104e-10,68631.66
82,4.4235307e-07,-3.9220006e-11,4.7953846e-10,0.0,0.0,0.0,4.4235307e-07,4.0109843e-10,68631.66
83,4.5019408e-07,-3.312404e-11,4.6905174e-10,0.0,0.0,0.0,4.5019408e-07,4.0280368e-10,68631.65
84,4.5990453e-07,-3.584014e-11,4.437332e-10,0.0,0.0,0.0,4.5990453e-07,3.7205292e-10,68631.64
85,4.612913e-07,-3.345082e-11,4.474609e-10,0.0,0.0,0.0,4.612913e-07,3.8055925e-10,68631.63
86,4.574085e-07,-1.6523487e-11,4.702633e-10,0.0,0.0,0.0,4.574085e-07,4.3721632e-10,68631.625
87,4.5419833e-07,2.6110138e-12,5.211895e-10,0.0,0.0,0.0,4.5419833e-07,5.264115e-10,68631.625
88,4.544231e-07,1.1854947e-11,5.3865723e-10,0.0,0.0,0.0,4.544231e-07,5.6236715e-10,68631.62
89,4.550325e-07,6.6406867e-12,5.114946e-10,0.0,0.0,0.0,4.550325e-07,5.24776e-10,68631.6
90,4.5497347e-07,1.1044551e-12,4.8247756e-10,0.0,0.0,0.0,4.5497347e-07,4.8468646e-10,68631.59
91,4.5440402e-07,1.2054194e-12,4.8369747e-10,0.0,0.0,0.0,4.5440402e-07,4.861083e-10,68631.586
92,4.5555427e-07,5.6995944e-13,4.751572e-10,0.0,0.0,0.0,4.5555427e-07,4.7629706e-10,68631.57
93,4.616734e-07,1.7677904e-11,5.1083404e-10,0.0,0.0,0.0,4.616734e-07,5.4618987e-10,68631.555
94,4.6980387e-07,3.2195163e-11,5.117577e-10,0.0,0.0,0.0,4.6980387e-07,5.76148e-10,68631.54
95,4.7859345e-07,2.734368e-11,5.344326e-10,0.0,0.0,0.0,4.7859345e-07,5.8912e-10,68631.52
96,4.896684e-07,2.0970059e-11,5.2137217e-10,0.0,0.0,0.0,4.896684e-07,5.633123e-10,68631.51
97,4.9971675e-07,2.2816216e-11,4.515303e-10,0.0,0.0,0.0,4.9971675e-07,4.971627e-10,68631.49
98,5.053966e-07,5.051502e-11,2.9346356e-10,0.0,0.0,0.0,5.053966e-07,3.9449358e-10,68631.48
99,5.0848166e-07,9.8312594e-11,1.4629477e-10,0.0,0.0,0.0,5.0848166e-07,3.4291997e-10,68631.46
100,5.1415594e-07,1.5664944e-10,1.1843188e-12,0.0,0.0,0.0,5.1415594e-07,3.1448322e-10,68631.445
101,5.2750585e-07,2.1800396e-10,-2.364156e-10,0.0,0.0,0.0,5.2750585e-07,1.9959231e-10,68631.43
102,5.4760744e-07,2.672739e-10,-5.161811e-10,0.0,0.0,0.0,5.4760744e-07,1.8366697e-11,68631.414
103,5.75192e-07,2.9757366e-10,-7.8603546e-10,0.0,0.0,0.0,5.75192e-07,-1.9088817e-10,68631.4
104,6.10778e-07,3.2203495e-10,-1.0775815e-09,0.0,0.0,0.0,6.10778e-07,-4.3351156e-10,68631.38
105,6.5496494e-07,3.5345007e-10,-1.436165e-09,0.0,0.0,0.0,6.5496494e-07,-7.2926487e-10,68631.37
106,7.087106e-07,3.912904e-10,-1.9283692e-09,0.0,0.0,0.0,7.087106e-07,-1.1457886e-09,68631.35
107,7.718796e-07,4.2394038e-10,-2.4480924e-09,0.0,0.0,0.0,7.718796e-07,-1.6002115e-09,68631.34
108,8.437786e-07,4.3507814e-10,-2.9806377e-09,0.0,0.0,0.0,8.437786e-07,-2.1104813e-09,68631.33
109,9.2103375e-07,4.2386927e-10,-3.5614016e-09,0.0,0.0,0.0,9.2103375e-07,-2.713663e-09,68631.31
110,1.003306e-06,3.9175174e-10,-4.172714e-09,0.0,0.0,0.0,1.003306e-06,-3.3892105e-09,68631.305
111,1.0877789e-06,3.5014813e-10,-4.883899e-09,0.0,0.0,0.0,1.0877789e-06,-4.183603e-09,68631.29
112,1.1737375e-06,3.0891517e-10,-5.5661857e-09,0.0,0.0,0.0,1.1737375e-06,-4.9483555e-09,68631.27
113,1.2602067e-06,2.8423458e-10,-6.318379e-09,0.0,0.0,0.0,1.2602067e-06,-5.7499103e-09,68631.266
114,1.3547786e-06,2.6028935e-10,-7.0382358e-09,0.0,0.0,0.0,1.3547786e-06,-6.5176566e-09,68631.25
115,1.4621139e-06,2.0939123e-10,-7.553558e-09,0.0,0.0,0.0,1.4621139e-06,-7.1347754e-09,68631.234
116,1.5823302e-06,1.1964037e-10,-7.893646e-09,0.0,0.0,0.0,1.5823302e-06,-7.654365e-09,68631.22
117,1.7065965e-06,2.3697884e-11,-8.183301e-09,0.0,0.0,0.0,1.7065965e-06,-8.135906e-09,68631.21
118,1.8296264e-06,-2.8716226e-11,-8.597292e-09,0.0,0.0,0.0,1.8296264e-06,-8.654725e-09,68631.195
119,1.9507013e-06,9.9487155e-12,-9.285796e-09,0.0,0.0,0.0,1.9507013e-06,-9.265899e-09,68631.18
120,2.0795633e-06,1.3769676e-10,-9.97588e-09,0.0,0.0,0.0,2.0795633e-06,-9.700486e-09,68631.164
121,2.229556e-06,3.061902e-10,-1.06010525e-08,0.0,0.0,0.0,2.229556e-06,-9.988671e-09,68631.16
122,2.403867e-06,4.3907325e-10,-1.11553335e-08,0.0,0.0,0.0,2.403867e-06,-1.0277186e-08,68631.14
123,2.5905397e-06,4.652022e-10,-1.1367569e-08,0.0,0.0,0.0,2.5905397e-06,-1.0437165e-08,68631.13
124,2.7716774e-06,3.7534278e-10,-1.1583179e-08,0.0,0.0,0.0,2.7716774e-06,-1.0832494e-08,68631.12
125,2.9299135e-06,2.1946042e-10,-1.1849264e-08,0.0,0.0,0.0,2.9299135e-06,-1.1410344e-08,68631.11
126,3.0666424e-06,9.792277e-11,-1.213732e-08,0.0,0.0,0.0,3.0666424e-06,-1.19414745e-08,68631.09
127,3.1955342e-06,1.09155684e-10,-1.22789015e-08,0.0,0.0,0.0,3.1955342e-06,-1.2060591e-08,68631.08
128,3.3311821e-06,2.6122884e-10,-1.2602875e-08,0.0,0.0,0.0,3.3311821e-06,-1.2080417e-08,68631.07
129,3.4784268e-06,4.4367318e-10,-1.2719614e-08,0.0,0.0,0.0,3.4784268e-06,-1.1832267e-08,68631.055
130,3.6290307e-06,4.9870713e-10,-1.24328725e-08,0.0,0.0,0.0,3.6290307e-06,-1.1435459e-08,68631.04
131,3.764746e-06,3.593179e-10,-1.1909753e-08,0.0,0.0,0.0,3.764746e-06,-1.1191117e-08,68631.02
132,3.872565e-06,8.54561e-11,-1.1677651e-08,0.0,0.0,0.0,3.872565e-06,-1.1506739e-08,68631.016
133,3.9551924e-06,-1.8115706e-10,-1.2286138e-08,0.0,0.0,0.0,3.9551924e-06,-1.2648453e-08,68631.0
134,4.022326e-06,-3.1758263e-10,-1.3394348e-08,0.0,0.0,0.0,4.022326e-06,-1.4029513e-08,68630.99
135,4.077287e-06,-2.9534358e-10,-1.4335726e-08,0.0,0.0,0.0,4.077287e-06,-1.4926414e-08,68630.98
136,4.110371e-06,-1.9373927e-10,-1.4568023e-08,0.0,0.0,0.0,4.110371e-06,-1.4955502e-08,68630.96
137,4.111995e-06,-1.4893277e-10,-1.344366e-08,0.0,0.0,0.0,4.111995e-06,-1.3741525e-08,68630.95
138,4.076406e-06,-2.5117775e-10,-1.1782206e-08,0.0,0.0,0.0,4.076406e-06,-1.2284562e-08,68630.94
139,4.019501e-06,-4.833895e-10,-1.044802e-08,0.0,0.0,0.0,4.019501e-06,-1.1414799e-08,68630.92
140,3.9744086e-06,-6.958687e-10,-1.1146902e-08,0.0,0.0,0.0,3.9744086e-06,-1.2538639e-08,68630.91
141,3.945024e-06,-7.172828e-10,-1.406825e-08,0.0,0.0,0.0,3.945024e-06,-1.5502815e-08,68630.89
142,3.92186e-06,-5.9896205e-10,-1.6771953e-08,0.0,0.0,0.0,3.92186e-06,-1.7969878e-08,68630.88
143,3.88442e-06,-5.1574467e-10,-1.7426647e-08,0.0,0.0,0.0,3.88442e-06,-1.8458135e-08,68630.87
144,3.8223375e-06,-6.1681193e-10,-1.569984e-08,0.0,0.0,0.0,3.8223375e-06,-1.6933463e-08,68630.85
145,3.754788e-06,-8.3769436e-10,-1.3941029e-08,0.0,0.0,0.0,3.754788e-06,-1.5616418e-08,68630.836
146,3.742399e-06,-9.078632e-10,-1.3382419e-08,0.0,0.0,0.0,3.742399e-06,-1.5198145e-08,68630.82
147,3.8656326e-06,-6.065009e-10,-1.3996814e-08,0.0,0.0,0.0,3.8656326e-06,-1.5209816e-08,68630.81
148,4.1644744e-06,4.3504512e-11,-1.5392095e-08,0.0,0.0,0.0,4.1644744e-06,-1.5305085e-08,68630.8
149,4.590885e-06,6.861556e-10,-1.5991912e-08,0.0,0.0,0.0,4.590885e-06,-1.46196015e-08,68630.79
150,5.0236576e-06,8.124466e-10,-1.5139985e-08,0.0,0.0,0.0,5.0236576e-06,-1.3515091e-08,68630.77
151,5.3280173e-06,1.3128204e-10,-1.33986475e-08,0.0,0.0,0.0,5.3280173e-06,-1.3136084e-08,68630.76
152,5.469229e-06,-1.1747332e-09,-1.1332568e-08,0.0,0.0,0.0,5.469229e-06,-1.3682034e-08,68630.75
153,5.529938e-06,-2.5817128e-09,-1.017543e-08,0.0,0.0,0.0,5.529938e-06,-1.5338856e-08,68630.734
154,5.647143e-06,-3.6155487e-09,-1.0843704e-08,0.0,0.0,0.0,5.647143e-06,-1.80748e-08,68630.73
155,5.9136637e-06,-4.140718e-09,-1.21442065e-08,0.0,0.0,0.0,5.9136637e-06,-2.0425643e-08,68630.71
156,6.3204034e-06,-4.2937476e-09,-1.2918982e-08,0.0,0.0,0.0,6.3204034e-06,-2.1506478e-08,68630.7
157,6.7356345e-06,-4.2231427e-09,-1.4617712e-08,0.0,0.0,0.0,6.7356345e-06,-2.3063997e-08,68630.695
158,7.000837e-06,-4.0511368e-09,-1.6927604e-08,0.0,0.0,0.0,7.000837e-06,-2.5029877e-08,68630.68
159,7.107826e-06,-3.8958614e-09,-1.7868045e-08,0.0,0.0,0.0,7.107826e-06,-2.5659768e-08,68630.67
160,7.190931e-06,-3.802892e-09,-1.8821762e-08,0.0,0.0,0.0,7.190931e-06,-2.6427546e-08,68630.664
161,7.398742e-06,-3.8207406e-09,-2.1279371e-08,0.0,0.0,0.0,7.398742e-06,-2.8920853e-08,68630.65
162,7.784563e-06,-4.0895416e-09,-2.1359948e-08,0.0,0.0,0.0,7.784563e-06,-2.953903e-08,68630.64
163,8.29198e-06,-4.7750275e-09,-1.6661668e-08,0.0,0.0,0.0,8.29198e-06,-2.6211723e-08,68630.63
164,8.8160405e-06,-5.9218626e-09,-8.702332e-09,0.0,0.0,0.0,8.8160405e-06,-2.0546057e-08,68630.625
165,9.300215e-06,-7.2794997e-09,-4.646526e-09,0.0,0.0,0.0,9.300215e-06,-1.9205526e-08,68630.62
166,9.714134e-06,-8.235052e-09,-9.603727e-09,0.0,0.0,0.0,9.714134e-06,-2.6073831e-08,68630.6
167,1.0145277e-05,-8.20437e-09,-1.7875799e-08,0.0,0.0,0.0,1.0145277e-05,-3.428454e-08,68630.59
168,1.0777115e-05,-6.8785146e-09,-2.6945024e-08,0.0,0.0,0.0,1.0777115e-05,-4.0702055e-08,68630.586
169,1.1687457e-05,-4.5680544e-09,-3.4183625e-08,0.0,0.0,0.0,1.1687457e-05,-4.3319734e-08,68630.58
170,1.2778262e-05,-2.2960323e-09,-3.966832e-08,0.0,0.0,0.0,1.2778262e-05,-4.4260386e-08,68630.56
171,1.3827194e-05,-1.3302492e-09,-4.2371518e-08,0.0,0.0,0.0,1.3827194e-05,-4.5032017e-08,68630.555
172,1.4722078e-05,-2.322446e-09,-3.948656e-08,0.0,0.0,0.0,1.4722078e-05,-4.413145e-08,68630.55
173,1.5452988e-05,-4.509254e-09,-3.7168217e-08,0.0,0.0,0.0,1.5452988e-05,-4.6186724e-08,68630.54
174,1.6056718e-05,-6.215777e-09,-4.0885194e-08,0.0,0.0,0.0,1.6056718e-05,-5.331675e-08,68630.52
175,1.6615038e-05,-6.4779417e-09,-4.6269022e-08,0.0,0.0,0.0,1.6615038e-05,-5.9224902e-08,68630.516
176,1.7265322e-05,-5.7744507e-09,-4.4737007e-08,0.0,0.0,0.0,1.7265322e-05,-5.6285906e-08,68630.51
177,1.8060717e-05,-5.1734794e-09,-3.5799253e-08,0.0,0.0,0.0,1.8060717e-05,-4.6146212e-08,68630.5
178,1.885046e-05,-5.93585e-09,-2.4520716e-08,0.0,0.0,0.0,1.885046e-05,-3.6392414e-08,68630.484
179,1.9443221e-05,-8.614595e-09,-1.3878574e-08,0.0,0.0,0.0,1.9443221e-05,-3.1107763e-08,68630.48
180,1.9779416e-05,-1.21857875e-08,-8.072826e-09,0.0,0.0,0.0,1.9779416e-05,-3.24444e-08,68630.47
181,2.0035257e-05,-1.5218031e-08,-8.733269e-09,0.0,0.0,0.0,2.0035257e-05,-3.9169333e-08,68630.45
182,2.0635951e-05,-1.6773733e-08,-1.2836571e-08,0.0,0.0,0.0,2.0635951e-05,-4.6384038e-08,68630.445
183,2.2006227e-05,-1.6318896e-08,-2.6753547e-08,0.0,0.0,0.0,2.2006227e-05,-5.939134e-08,68630.44
184,2.4298733e-05,-1.3744995e-08,-4.8533668e-08,0.0,0.0,0.0,2.4298733e-05,-7.602366e-08,68630.43
185,2.7223394e-05,-9.8705675e-09,-6.561808e-08,0.0,0.0,0.0,2.7223394e-05,-8.535922e-08,68630.414
186,3.020882e-05,-6.999519e-09,-6.69461e-08,0.0,0.0,0.0,3.020882e-05,-8.094514e-08,68630.41
187,3.273151e-05,-7.4209354e-09,-4.9797027e-08,0.0,0.0,0.0,3.273151e-05,-6.46389e-08,68630.4
188,3.4602526e-05,-1.0599997e-08,-3.142554e-08,0.0,0.0,0.0,3.4602526e-05,-5.2625534e-08,68630.39
189,3.5864414e-05,-1.3913269e-08,-2.2572012e-08,0.0,0.0,0.0,3.5864414e-05,-5.039855e-08,68630.38
190,3.6651407e-05,-1.527452e-08,-2.5112094e-08,0.0,0.0,0.0,3.6651407e-05,-5.5661133e-08,68630.37
191,3.7488753e-05,-1.4388923e-08,-3.7413642e-08,0.0,0.0,0.0,3.7488753e-05,-6.619149e-08,68630.36
192,3.9123403e-05,-1.2341319e-08,-4.9511105e-08,0.0,0.0,0.0,3.9123403e-05,-7.419374e-08,68630.35
193,4.205121e-05,-1.0217413e-08,-6.361433e-08,0.0,0.0,0.0,4.205121e-05,-8.4049155e-08,68630.34
194,4.6401412e-05,-8.27537e-09,-8.268255e-08,0.0,0.0,0.0,4.6401412e-05,-9.923329e-08,68630.336
195,5.19133e-05,-7.609906e-09,-1.0513412e-07,0.0,0.0,0.0,5.19133e-05,-1.2035393e-07,68630.32
196,5.7891353e-05,-1.0521434e-08,-1.11283505e-07,0.0,0.0,0.0,5.7891353e-05,-1.3232638e-07,68630.31
197,6.365073e-05,-1.8630608e-08,-8.7339075e-08,0.0,0.0,0.0,6.365073e-05,-1.2460029e-07,68630.305
198,6.827312e-05,-3.0021692e-08,-5.324587e-08,0.0,0.0,0.0,6.827312e-05,-1.1328926e-07,68630.3
199,7.1084934e-05,-4.038252e-08,-2.9461308e-08,0.0,0.0,0.0,7.1084934e-05,-1.1022635e-07,68630.29
200,7.248481e-05,-4.6081915e-08,-1.8244846e-08,0.0,0.0,0.0,7.248481e-05,-1.1040868e-07,68630.27
201,7.386816e-05,-4.6576695e-08,-1.209457e-08,0.0,0.0,0.0,7.386816e-05,-1.0524796e-07,68630.266
202,7.673315e-05,-4.410093e-08,-1.4727118e-08,0.0,0.0,0.0,7.673315e-05,-1.0292898e-07,68630.26
203,8.1368176e-05,-4.1706883e-08,-4.0346606e-08,0.0,0.0,0.0,8.1368176e-05,-1.2376037e-07,68630.25
204,8.717833e-05,-4.1841208e-08,-8.5872166e-08,0.0,0.0,0.0,8.717833e-05,-1.6955458e-07,68630.24
205,9.333884e-05,-4.2475282e-08,-1.4247075e-07,0.0,0.0,0.0,9.333884e-05,-2.2742131e-07,68630.234
206,9.938491e-05,-3.77373e-08,-1.878935e-07,0.0,0.0,0.0,9.938491e-05,-2.633681e-07,68630.23
207,0.00010577536,-2.5026639e-08,-2.0071398e-07,0.0,0.0,0.0,0.00010577536,-2.5076727e-07,68630.22
208,0.00011327339,-8.673144e-09,-1.848072e-07,0.0,0.0,0.0,0.00011327339,-2.0215349e-07,68630.21
209,0.000121101715,3.5886343e-09,-1.5032224e-07,0.0,0.0,0.0,0.000121101715,-1.4314496e-07,68630.2
210,0.00012704074,4.1848596e-09,-1.072068e-07,0.0,0.0,0.0,0.00012704074,-9.883708e-08,68630.195
211,0.00012958136,-1.2720304e-08,-5.844919e-08,0.0,0.0,0.0,0.00012958136,-8.38898e-08,68630.18
212,0.00012927942,-4.579605e-08,1.683766e-09,0.0,0.0,0.0,0.00012927942,-8.990833e-08,68630.17
213,0.00012826471,-8.042228e-08,2.9169916e-08,0.0,0.0,0.0,0.00012826471,-1.3167465e-07,68630.164
214,0.0001286997,-9.7393524e-08,-1.5533066e-08,0.0,0.0,0.0,0.0001286997,-2.1032011e-07,68630.16
215,0.00013231646,-8.548382e-08,-1.10418945e-07,0.0,0.0,0.0,0.00013231646,-2.8138658e-07,68630.15
216,0.0001396502,-4.7642743e-08,-2.2473107e-07,0.0,0.0,0.0,0.0001396502,-3.2001657e-07,68630.14
217,0.00014945719,-5.588685e-09,-3.2559447e-07,0.0,0.0,0.0,0.00014945719,-3.3677182e-07,68630.14
218,0.0001596352,1.3015693e-08,-3.4524666e-07,0.0,0.0,0.0,0.0001596352,-3.1921527e-07,68630.13
219,0.00016875126,-7.0769257e-09,-2.5138203e-07,0.0,0.0,0.0,0.00016875126,-2.6553587e-07,68630.125
220,0.00017635862,-6.0832264e-08,-8.892149e-08,0.0,0.0,0.0,0.00017635862,-2.1058602e-07,68630.12
221,0.0001827048,-1.285664e-07,6.441799e-08,0.0,0.0,0.0,0.0001827048,-1.9271481e-07,68630.11
222,0.00018829496,-1.800267e-07,1.2039213e-07,0.0,0.0,0.0,0.00018829496,-2.396613e-07,68630.11
223,0.00019312682,-1.8837622e-07,2.939077e-08,0.0,0.0,0.0,0.00019312682,-3.4736166e-07,68630.11
224,0.00019694229,-1.508653e-07,-1.6900043e-07,0.0,0.0,0.0,0.00019694229,-4.7073104e-07,68630.1
225,0.00020021867,-9.590063e-08,-3.4264485e-07,0.0,0.0,0.0,0.00020021867,-5.3444614e-07,68630.09
226,0.00020450795,-6.254705e-08,-3.9705003e-07,0.0,0.0,0.0,0.00020450795,-5.2214415e-07,68630.09
227,0.00021191238,-7.07458e-08,-3.22289e-07,0.0,0.0,0.0,0.00021191238,-4.6378057e-07,68630.09
228,0.00022275657,-1.1101524e-07,-1.8777963e-07,0.0,0.0,0.0,0.00022275657,-4.0981013e-07,68630.09
229,0.00023449463,-1.5628798e-07,-9.598617e-08,0.0,0.0,0.0,0.00023449463,-4.0856213e-07,68630.086
230,0.0002436523,-1.8666651e-07,-8.8830326e-08,0.0,0.0,0.0,0.0002436523,-4.6216334e-07,68630.08
231,0.00024824185,-2.0140612e-07,-1.2852502e-07,0.0,0.0,0.0,0.00024824185,-5.3133726e-07,68630.08
232,0.00024910917,-2.1024692e-07,-1.4102017e-07,0.0,0.0,0.0,0.00024910917,-5.61514e-07,68630.08
233,0.00024947795,-2.1480912e-07,-1.4367589e-07,0.0,0.0,0.0,0.00024947795,-5.7329413e-07,68630.07
234,0.00025193958,-2.0605185e-07,-1.7630637e-07,0.0,0.0,0.0,0.00025193958,-5.884101e-07,68630.07
235,0.00025632777,-1.7970083e-07,-2.59639e-07,0.0,0.0,0.0,0.00025632777,-6.1904063e-07,68630.07
236,0.00026050827,-1.4873194e-07,-3.5543437e-07,0.0,0.0,0.0,0.00026050827,-6.528983e-07,68630.07
237,0.00026300523,-1.3564367e-07,-3.4468113e-07,0.0,0.0,0.0,0.00026300523,-6.159685e-07,68630.07
238,0.00026484465,-1.5020427e-07,-2.0556527e-07,0.0,0.0,0.0,0.00026484465,-5.0597384e-07,68630.07
239,0.00026836107,-1.8336081e-07,-3.4373603e-08,0.0,0.0,0.0,0.00026836107,-4.0109524e-07,68630.07
240,0.0002747501,-2.153212e-07,6.3176856e-08,0.0,0.0,0.0,0.0002747501,-3.6746553e-07,68630.07
241,0.00028324843,-2.2742712e-07,9.555097e-09,0.0,0.0,0.0,0.00028324843,-4.4529915e-07,68630.07
242,0.0002919272,-2.1132713e-07,-1.7916268e-07,0.0,0.0,0.0,0.0002919272,-6.0181696e-07,68630.08
243,0.00029889363,-1.744072e-07,-3.9425998e-07,0.0,0.0,0.0,0.00029889363,-7.430744e-07,68630.08
244,0.0003035149,-1.3436161e-07,-5.0525966e-07,0.0,0.0,0.0,0.0003035149,-7.7398283e-07,68630.08
245,0.0003085845,-1.0560589e-07,-4.4836366e-07,0.0,0.0,0.0,0.0003085845,-6.5957545e-07,68630.08
246,0.00031886002,-8.679113e-08,-3.2103125e-07,0.0,0.0,0.0,0.00031886002,-4.946135e-07,68630.086
247,0.00033878314,-7.525888e-08,-2.4127056e-07,0.0,0.0,0.0,0.00033878314,-3.9178832e-07,68630.086
248,0.0003693705,-8.1082774e-08,-2.6495346e-07,0.0,0.0,0.0,0.0003693705,-4.27119e-07,68630.09
249,0.00040562142,-1.2098775e-07,-3.742292e-07,0.0,0.0,0.0,0.00040562142,-6.1620466e-07,68630.09
250,0.00043660722,-1.9857599e-07,-4.531097e-07,0.0,0.0,0.0,0.00043660722,-8.502617e-07,68630.1
251,0.00045100172,-2.8549152e-07,-4.2513122e-07,0.0,0.0,0.0,0.00045100172,-9.961143e-07,68630.1
252,0.00044558014,-3.326791e-07,-2.9433386e-07,0.0,0.0,0.0,0.00044558014,-9.59692e-07,68630.11
253,0.00043014312,-3.0162084e-07,-1.5407588e-07,0.0,0.0,0.0,0.00043014312,-7.573176e-07,68630.11
254,0.0004247291,-1.9625443e-07,-1.3193575e-07,0.0,0.0,0.0,0.0004247291,-5.2444466e-07,68630.12
255,0.00044690826,-6.3700114e-08,-3.0646723e-07,0.0,0.0,0.0,0.00044690826,-4.3386746e-07,68630.125
256,0.00049875875,2.8211616e-08,-6.155322e-07,0.0,0.0,0.0,0.00049875875,-5.5910897e-07,68630.125
257,0.0005647301,2.167468e-08,-8.9357025e-07,0.0,0.0,0.0,0.0005647301,-8.502209e-07,68630.13
258,0.00062075217,-9.5898955e-08,-9.252796e-07,0.0,0.0,0.0,0.00062075217,-1.1170775e-06,68630.14
259,0.0006483937,-2.7949204e-07,-6.739031e-07,0.0,0.0,0.0,0.0006483937,-1.2328871e-06,68630.15
260,0.0006463146,-4.40632e-07,-2.7594206e-07,0.0,0.0,0.0,0.0006463146,-1.157206e-06,68630.15
261,0.00063189585,-4.879127e-07,-5.4384564e-10,0.0,0.0,0.0,0.00063189585,-9.763692e-07,68630.16
262,0.00063038676,-3.8852244e-07,-1.07112804e-07,0.0,0.0,0.0,0.00063038676,-8.8415766e-07,68630.164
263,0.0006584633,-2.1018415e-07,-5.7363155e-07,0.0,0.0,0.0,0.0006584633,-9.939998e-07,68630.17
264,0.00071371987,-9.513774e-08,-1.0712621e-06,0.0,0.0,0.0,0.00071371987,-1.2615375e-06,68630.18
265,0.00077661546,-1.6360323e-07,-1.2258915e-06,0.0,0.0,0.0,0.00077661546,-1.553098e-06,68630.19
266,0.0008237717,-4.14054e-07,-8.7611204e-07,0.0,0.0,0.0,0.0008237717,-1.70422e-06,68630.195
267,0.0008434426,-7.0967167e-07,-2.26997e-07,0.0,0.0,0.0,0.0008434426,-1.6463404e-06,68630.21
268,0.0008413802,-8.6826594e-07,2.386255e-07,0.0,0.0,0.0,0.0008413802,-1.4979064e-06,68630.22
269,0.00083420373,-8.032656e-07,1.3947128e-07,0.0,0.0,0.0,0.00083420373,-1.46706e-06,68630.23
270,0.00083687773,-5.9345507e-07,-4.513239e-07,0.0,0.0,0.0,0.00083687773,-1.638234e-06,68630.234
271,0.00085607736,-4.2548663e-07,-1.0880094e-06,0.0,0.0,0.0,0.00085607736,-1.9389827e-06,68630.25
272,0.00089132175,-4.4584442e-07,-1.3319378e-06,0.0,0.0,0.0,0.00089132175,-2.2236268e-06,68630.266
273,0.0009380257,-6.354097e-07,-1.1189535e-06,0.0,0.0,0.0,0.0009380257,-2.3897728e-06,68630.29
274,0.0009890047,-8.3245595e-07,-7.373171e-07,0.0,0.0,0.0,0.0009890047,-2.402229e-06,68630.31
275,0.0010340118,-8.7622504e-07,-4.888992e-07,0.0,0.0,0.0,0.0010340118,-2.2413492e-06,68630.33
276,0.0010633336,-7.478592e-07,-4.929019e-07,0.0,0.0,0.0,0.0010633336,-1.9886202e-06,68630.35
277,0.0010745436,-5.8479145e-07,-6.4087294e-07,0.0,0.0,0.0,0.0010745436,-1.8104558e-06,68630.37
278,0.0010750485,-5.6510817e-07,-7.0212906e-07,0.0,0.0,0.0,0.0010750485,-1.8323453e-06,68630.39
279,0.0010799022,-7.669058e-07,-5.595312e-07,0.0,0.0,0.0,0.0010799022,-2.093343e-06,68630.41
280,0.0011032294,-1.0951107e-06,-3.2527302e-07,0.0,0.0,0.0,0.0011032294,-2.5154945e-06,68630.42
281,0.0011506112,-1.333692e-06,-3.042381e-07,0.0,0.0,0.0,0.0011506112,-2.971622e-06,68630.44
282,0.0012154682,-1.2950153e-06,-6.903785e-07,0.0,0.0,0.0,0.0012154682,-3.2804091e-06,68630.46
283,0.0012829169,-9.588364e-07,-1.4335237e-06,0.0,0.0,0.0,0.0012829169,-3.3511965e-06,68630.48
284,0.0013398844,-5.230861e-07,-2.1593128e-06,0.0,0.0,0.0,0.0013398844,-3.205485e-06,68630.49
285,0.0013860933,-2.9733553e-07,-2.334478e-06,0.0,0.0,0.0,0.0013860933,-2.929149e-06,68630.51
286,0.0014312272,-4.9984743e-07,-1.6637781e-06,0.0,0.0,0.0,0.0014312272,-2.663473e-06,68630.516
287,0.001484303,-1.0937016e-06,-4.1092662e-07,0.0,0.0,0.0,0.001484303,-2.59833e-06,68630.54
288,0.0015395028,-1.786588e-06,6.898413e-07,0.0,0.0,0.0,0.0015395028,-2.8833347e-06,68630.555
289,0.0015773182,-2.2060437e-06,9.1443536e-07,0.0,0.0,0.0,0.0015773182,-3.4976522e-06,68630.57
290,0.0015786483,-2.1278395e-06,7.561448e-08,0.0,0.0,0.0,0.0015786483,-4.1800645e-06,68630.58
291,0.0015435312,-1.6388883e-06,-1.2436326e-06,0.0,0.0,0.0,0.0015435312,-4.521409e-06,68630.59
292,0.0014981093,-1.0945209e-06,-2.0878217e-06,0.0,0.0,0.0,0.0014981093,-4.2768634e-06,68630.61
293,0.0014779153,-8.712292e-07,-1.8872197e-06,0.0,0.0,0.0,0.0014779153,-3.6296778e-06,68630.625
294,0.0015054276,-1.0914573e-06,-8.453982e-07,0.0,0.0,0.0,0.0015054276,-3.0283127e-06,68630.63
295,0.0015771197,-1.537375e-06,1.7107465e-07,0.0,0.0,0.0,0.0015771197,-2.9036755e-06,68630.65
296,0.0016672296,-1.8173309e-06,2.712305e-07,0.0,0.0,0.0,0.0016672296,-3.3634315e-06,68630.664
297,0.0017443051,-1.6808021e-06,-7.0167397e-07,0.0,0.0,0.0,0.0017443051,-4.0632785e-06,68630.68
298,0.0017886683,-1.2238623e-06,-1.9932945e-06,0.0,0.0,0.0,0.0017886683,-4.4410194e-06,68630.695
299,0.0017980818,-8.2924413e-07,-2.4978308e-06,0.0,0.0,0.0,0.0017980818,-4.156319e-06,68630.71
300,0.001781859,-8.5269915e-07,-1.6996312e-06,0.0,0.0,0.0,0.001781859,-3.4050295e-06,68630.73
301,0.0017548563,-1.329622e-06,-1.8513449e-08,0.0,0.0,0.0,0.0017548563,-2.6777575e-06,68630.74
302,0.0017369833,-1.929124e-06,1.354808e-06,0.0,0.0,0.0,0.0017369833,-2.50344e-06,68630.75
303,0.0017509138,-2.2029717e-06,1.3195555e-06,0.0,0.0,0.0,0.0017509138,-3.086388e-06,68630.766
304,0.0018140912,-1.9521467e-06,-2.0880002e-07,0.0,0.0,0.0,0.0018140912,-4.1130934e-06,68630.77
305,0.0019286955,-1.3877342e-06,-2.2710205e-06,0.0,0.0,0.0,0.0019286955,-5.046489e-06,68630.79
306,0.0020718437,-9.636033e-07,-3.591162e-06,0.0,0.0,0.0,0.0020718437,-5.5183687e-06,68630.8
307,0.0022013278,-1.0322306e-06,-3.4427e-06,0.0,0.0,0.0,0.0022013278,-5.507161e-06,68630.81
308,0.0022776052,-1.5911928e-06,-2.1502283e-06,0.0,0.0,0.0,0.0022776052,-5.332614e-06,68630.82
309,0.0022875448,-2.3102925e-06,-7.6789524e-07,0.0,0.0,0.0,0.0022875448,-5.3884805e-06,68630.83
310,0.0022590237,-2.782736e-06,-2.2990478e-07,0.0,0.0,0.0,0.0022590237,-5.7953766e-06,68630.83
311,0.0022499221,-2.7986562e-06,-7.89589e-07,0.0,0.0,0.0,0.0022499221,-6.386901e-06,68630.836
312,0.0023113773,-2.4597698e-06,-1.9482777e-06,0.0,0.0,0.0,0.0023113773,-6.8678173e-06,68630.836
313,0.0024511388,-2.102862e-06,-2.824877e-06,0.0,0.0,0.0,0.0024511388,-7.0306005e-06,68630.84
314,0.0026282526,-2.1011983e-06,-2.7251774e-06,0.0,0.0,0.0,0.0026282526,-6.927574e-06,68630.85
315,0.0027834445,-2.6193998e-06,-1.6558245e-06,0.0,0.0,0.0,0.0027834445,-6.894624e-06,68630.85
316,0.0028738133,-3.4308182e-06,-5.5210137e-07,0.0,0.0,0.0,0.0028738133,-7.413738e-06,68630.86
317,0.0028819987,-4.066261e-06,-4.0222827e-07,0.0,0.0,0.0,0.0028819987,-8.534751e-06,68630.87
318,0.0028473553,-4.1635044e-06,-1.532507e-06,0.0,0.0,0.0,0.0028473553,-9.859516e-06,68630.87
319,0.0028246983,-3.7103032e-06,-3.311412e-06,0.0,0.0,0.0,0.0028246983,-1.0732018e-05,68630.875
320,0.0028566974,-3.020824e-06,-4.56946e-06,0.0,0.0,0.0,0.0028566974,-1.0611107e-05,68630.875
321,0.002966139,-2.5176937e-06,-4.4735352e-06,0.0,0.0,0.0,0.002966139,-9.508923e-06,68630.875
322,0.0031463543,-2.4646524e-06,-3.1577167e-06,0.0,0.0,0.0,0.0031463543,-8.087021e-06,68630.875
323,0.0033538814,-2.877686e-06,-1.3865118e-06,0.0,0.0,0.0,0.0033538814,-7.1418835e-06,68630.88
324,0.0035245148,-3.6026838e-06,-4.2450214e-08,0.0,0.0,0.0,0.0035245148,-7.247818e-06,68630.88
325,0.0036057243,-4.4431836e-06,4.30464e-07,0.0,0.0,0.0,0.0036057243,-8.455903e-06,68630.89
326,0.0035925007,-5.1753123e-06,5.4240427e-08,0.0,0.0,0.0,0.0035925007,-1.0296384e-05,68630.89
327,0.0035340332,-5.531495e-06,-1.0118672e-06,0.0,0.0,0.0,0.0035340332,-1.2074857e-05,68630.9
328,0.0034982364,-5.2959626e-06,-2.5479778e-06,0.0,0.0,0.0,0.0034982364,-1.3139903e-05,68630.9
329,0.003527087,-4.522203e-06,-4.0232085e-06,0.0,0.0,0.0,0.003527087,-1.3067615e-05,68630.91
330,0.003620429,-3.6199e-06,-4.721626e-06,0.0,0.0,0.0,0.003620429,-1.1961426e-05,68630.9
331,0.0037359889,-3.1632476e-06,-4.0065474e-06,0.0,0.0,0.0,0.0037359889,-1.0333042e-05,68630.9
332,0.0038290403,-3.5440844e-06,-1.7615033e-06,0.0,0.0,0.0,0.0038290403,-8.849673e-06,68630.9
333,0.0038963559,-4.6586624e-06,1.0336245e-06,0.0,0.0,0.0,0.0038963559,-8.2837005e-06,68630.89
334,0.0039738007,-5.822245e-06,2.4520562e-06,0.0,0.0,0.0,0.0039738007,-9.192434e-06,68630.88
335,0.004167972,-6.1412366e-06,7.534173e-07,0.0,0.0,0.0,0.004167972,-1.1529056e-05,68630.875
336,0.009092218,6.151181e-07,2.4705905e-05,0.0,0.0,0.0,0.009092218,2.5936142e-05,68630.87
337,0.006714127,-6.347827e-07,-1.5267873e-05,0.0,0.0,0.0,0.006714127,-1.6537437e-05,68630.87
338,0.006155386,-7.894653e-06,8.495387e-06,0.0,0.0,0.0,0.006155386,-7.293919e-06,68630.87
339,0.006949257,-8.5165775e-06,1.7223485e-05,0.0,0.0,0.0,0.006949257,1.9032996e-07,68630.87
340,0.0064958436,-6.130739e-06,1.4563244e-05,0.0,0.0,0.0,0.0064958436,2.3017656e-06,68630.86
341,0.006985252,-3.7545428e-06,5.8984606e-06,0.0,0.0,0.0,0.006985252,-1.6106251e-06,68630.85
342,0.022787686,4.7356993e-05,4.331899e-05,0.0,0.0,0.0,0.022787686,0.00013803298,68630.82
343,0.010973496,3.921539e-06,-8.921266e-06,0.0,0.0,0.0,0.010973496,-1.0781887e-06,68630.83
344,0.0094434265,-1.29027185e-05,3.233591e-05,0.0,0.0,0.0,0.0094434265,6.530473e-06,68630.805
345,0.011442966,-1.3413773e-05,2.0679992e-05,0.0,0.0,0.0,0.011442966,-6.147553e-06,68630.78
346,0.013118913,-8.504681e-06,-1.1505676e-05,0.0,0.0,0.0,0.013118913,-2.8515038e-05,68630.78
347,0.016405776,-6.6432162e-06,2.5423717e-05,0.0,0.0,0.0,0.016405776,1.2137283e-05,68630.79
348,0.025140943,9.26606e-06,-1.6411946e-05,0.0,0.0,0.0,0.025140943,2.120174e-06,68630.78
349,0.018255515,-4.639198e-06,2.046716e-05,0.0,0.0,0.0,0.018255515,1.1188764e-05,68630.805
350,0.018832048,-1.2366356e-05,9.816703e-05,0.0,0.0,0.0,0.018832048,7.343432e-05,68630.805
351,0.019107841,-1.04566625e-05,6.210988e-05,0.0,0.0,0.0,0.019107841,4.1196552e-05,68630.805
352,0.021875422,1.995788e-06,-1.1426506e-05,0.0,0.0,0.0,0.021875422,-7.43493e-06,68630.805
353,0.04159703,5.744439e-05,0.00015876345,0.0,0.0,0.0,0.04159703,0.00027365223,68630.76
354,0.04360312,5.4532848e-05,0.00011179696,0.0,0.0,0.0,0.04360312,0.00022086265,68630.766
355,0.061561137,-5.34867e-05,0.00020197802,0.0,0.0,0.0,0.061561137,9.500462e-05,68630.74
356,0.060029004,-2.1576352e-05,0.000102992526,0.0,0.0,0.0,0.060029004,5.9839826e-05,68630.74
357,0.07275662,7.756212e-06,0.00011791176,0.0,0.0,0.0,0.07275662,0.00013342418,68630.73
358,0.07046853,2.9375096e-06,0.0001758143,0.0,0.0,0.0,0.07046853,0.00018168932,68630.73
359,0.09469423,-4.448441e-05,0.00035055543,0.0,0.0,0.0,0.09469423,0.0002615866,68630.69
360,0.109542005,7.41597e-05,0.00028095106,0.0,0.0,0.0,0.109542005,0.00042927047,68630.695
361,0.100684695,3.079264e-05,5.3427175e-05,0.0,0.0,0.0,0.100684695,0.00011501245,68630.7
362,0.10478486,-1.0580203e-05,0.00027614442,0.0,0.0,0.0,0.10478486,0.000254984,68630.664
363,0.100529715,-6.3125817e-06,0.00029205732,0.0,0.0,0.0,0.100529715,0.00027943213,68630.67
364,0.11844454,3.7046448e-05,0.00019138097,0.0,0.0,0.0,0.11844454,0.00026547385,68630.62
365,0.10106256,3.8687158e-05,0.00015678928,0.0,0.0,0.0,0.10106256,0.00023416358,68630.64
366,0.098717585,-1.6929078e-05,0.0003218636,0.0,0.0,0.0,0.098717585,0.00028800542,68630.65
367,0.09011931,-3.2006254e-05,0.00031207525,0.0,0.0,0.0,0.09011931,0.00024806277,68630.66
368,0.1029049,-1.2990713e-06,0.00040062275,0.0,0.0,0.0,0.1029049,0.0003980246,68630.63
369,0.1149317,6.233837e-05,0.00018047716,0.0,0.0,0.0,0.1149317,0.0003051539,68630.64
370,0.13474858,0.0001445564,0.000100271165,0.0,0.0,0.0,0.13474858,0.00038938396,68630.63
371,0.13819061,-8.570739e-06,0.00044328612,0.0,0.0,0.0,0.13819061,0.00042614466,68630.63
372,0.16521111,3.015679e-05,0.00051047135,0.0,0.0,0.0,0.16521111,0.00057078496,68630.59
373,0.16567723,-2.9125755e-05,0.00039731205,0.0,0.0,0.0,0.16567723,0.00033906056,68630.62
374,0.20361769,3.1585554e-05,0.00045099747,0.0,0.0,0.0,0.20361769,0.0005141686,68630.54
375,0.18332468,1.7066435e-05,0.0001655401,0.0,0.0,0.0,0.18332468,0.00019967297,68630.586
376,0.16700323,3.6852725e-08,0.0002579226,0.0,0.0,0.0,0.16700323,0.0002579963,68630.57
377,0.15667428,-8.545592e-05,0.00032707487,0.0,0.0,0.0,0.15667428,0.00015616303,68630.53
378,0.1732125,-6.550214e-05,0.0003544286,0.0,0.0,0.0,0.1732125,0.00022342433,68630.51
379,0.1562923,-4.5778597e-06,5.136879e-05,0.0,0.0,0.0,0.1562923,4.221307e-05,68630.54
380,0.15299073,1.1636032e-05,0.00041720763,0.0,0.0,0.0,0.15299073,0.0004404797,68630.55
381,0.17127411,5.7899502e-05,0.00033717958,0.0,0.0,0.0,0.17127411,0.0004529786,68630.55
382,0.17612323,1.7169443e-05,0.00034844695,0.0,0.0,0.0,0.17612323,0.00038278586,68630.516
383,0.19085032,1.5508012e-05,0.0005712637,0.0,0.0,0.0,0.19085032,0.0006022798,68630.516
384,0.26297504,0.00016247277,0.0008850942,0.0,0.0,0.0,0.26297504,0.0012100397,68630.48
385,0.2828228,0.00021824593,0.00022489396,0.0,0.0,0.0,0.2828228,0.0006613858,68630.47
386,0.2509285,0.000103444385,0.00015416161,0.0,0.0,0.0,0.2509285,0.00036105036,68630.54
387,0.2501686,0.00011579965,0.00073134026,0.0,0.0,0.0,0.2501686,0.0009629396,68630.55
388,0.2689286,2.8424114e-05,0.0008768963,0.0,0.0,0.0,0.2689286,0.0009337446,68630.516
389,0.26548842,2.5106412e-05,0.00043190512,0.0,0.0,0.0,0.26548842,0.00048211796,68630.55
390,0.24460353,-4.073552e-05,5.7157078e-05,0.0,0.0,0.0,0.24460353,-2.4313958e-05,68630.57
391,0.24749334,-6.768521e-05,0.00023464045,0.0,0.0,0.0,0.24749334,9.927004e-05,68630.54
392,0.3380726,0.00021323533,0.0013894853,0.0,0.0,0.0,0.3380726,0.0018159561,68630.46
393,0.45755917,0.0003793653,0.001278088,0.0,0.0,0.0,0.45755917,0.0020368185,68630.36
394,0.41401744,0.0003734798,3.0228328e-05,0.0,0.0,0.0,0.41401744,0.0007771879,68630.54
395,0.41398942,0.0001290336,0.0010461234,0.0,0.0,0.0,0.41398942,0.0013041906,68630.53
396,0.37397787,-5.436374e-05,0.0007555652,0.0,0.0,0.0,0.37397787,0.0006468377,68630.555
397,0.4776937,-0.00020804018,0.0021726452,0.0,0.0,0.0,0.4776937,0.0017565647,68630.39
398,0.53707916,0.00025969264,0.00075845566,0.0,0.0,0.0,0.53707916,0.0012778409,68630.37
399,0.45508868,0.00017532986,0.00037171002,0.0,0.0,0.0,0.45508868,0.00072236976,68630.47
400,0.43424445,0.00010185357,0.0007151118,0.0,0.0,0.0,0.43424445,0.0009188189,68630.48
401,0.4380685,3.3613993e-05,0.0011327582,0.0,0.0,0.0,0.4380685,0.0011999862,68630.5
402,0.43830958,-2.1567299e-05,0.0009033272,0.0,0.0,0.0,0.43830958,0.00086019264,68630.5
403,0.46961534,1.1611664e-05,0.0010063095,0.0,0.0,0.0,0.46961534,0.0010295328,68630.49
404,0.45997256,0.00011088615,0.0007399995,0.0,0.0,0.0,0.45997256,0.0009617718,68630.54
405,0.46498168,0.00018802968,0.0009926093,0.0,0.0,0.0,0.46498168,0.0013686687,68630.555
406,0.47230226,8.7662425e-05,0.00093355286,0.0,0.0,0.0,0.47230226,0.0011088776,68630.61
407,0.5322628,-0.00012274779,0.0012389882,0.0,0.0,0.0,0.5322628,0.0009934925,68630.58
408,0.57259953,0.00020402584,0.00085294485,0.0,0.0,0.0,0.57259953,0.0012609966,68630.64
409,0.56298816,7.328123e-05,0.00048670126,0.0,0.0,0.0,0.56298816,0.0006332637,68630.695
410,0.5406668,-8.383125e-05,0.0012828319,0.0,0.0,0.0,0.5406668,0.0011151694,68630.76
411,0.5699873,-0.00014682545,0.0014881721,0.0,0.0,0.0,0.5699873,0.0011945212,68630.74
412,0.6308591,0.00015536672,0.0018279239,0.0,0.0,0.0,0.6308591,0.0021386573,68630.734
413,0.67170954,0.000340299,0.0011785736,0.0,0.0,0.0,0.67170954,0.0018591715,68630.73
414,0.5425261,0.00011788702,0.0003887613,0.0,0.0,0.0,0.5425261,0.0006245354,68630.91
415,0.5184108,-3.839232e-05,0.0010011378,0.0,0.0,0.0,0.5184108,0.00092435314,68630.94
416,0.5470223,-6.500582e-05,0.0011641906,0.0,0.0,0.0,0.5470223,0.0010341789,68630.945
417,0.5516947,9.748273e-06,0.0009840906,0.0,0.0,0.0,0.5516947,0.0010035872,68630.984
418,0.5590512,0.00020954284,0.0004642223,0.0,0.0,0.0,0.5590512,0.000883308,68631.06
419,0.518562,5.2444833e-05,0.0005361029,0.0,0.0,0.0,0.518562,0.00064099254,68631.164
420,0.5687519,-8.379341e-05,0.0018171147,0.0,0.0,0.0,0.5687519,0.0016495278,68631.19
421,0.5459799,-5.29042e-05,0.0009932589,0.0,0.0,0.0,0.5459799,0.00088745053,68631.3
422,0.5458271,0.00017378278,0.00088763813,0.0,0.0,0.0,0.5458271,0.0012352037,68631.39
423,0.56715184,-3.6167643e-05,0.0015492847,0.0,0.0,0.0,0.56715184,0.0014769493,68631.38
424,0.5704687,3.6809215e-06,0.001201507,0.0,0.0,0.0,0.5704687,0.0012088689,68631.47
425,0.58379215,-7.242347e-05,0.0012846484,0.0,0.0,0.0,0.58379215,0.0011398015,68631.51
426,0.56307286,-1.0377153e-06,0.0006652109,0.0,0.0,0.0,0.56307286,0.00066313543,68631.625
427,0.5858493,-4.1669147e-05,0.0014699615,0.0,0.0,0.0,0.5858493,0.0013866232,68631.64
428,0.67114013,6.1610954e-05,0.0020472838,0.0,0.0,0.0,0.67114013,0.0021705057,68631.6
429,0.58316314,9.318249e-05,0.0008008342,0.0,0.0,0.0,0.58316314,0.0009871991,68631.84
430,0.54394245,5.5153792e-05,0.00079732336,0.0,0.0,0.0,0.54394245,0.00090763095,68631.97
431,0.5659294,-1.4551104e-05,0.00077840156,0.0,0.0,0.0,0.5659294,0.00074929936,68632.03
432,0.5439876,9.623465e-05,0.0007436351,0.0,0.0,0.0,0.5439876,0.00093610445,68632.17
433,0.59741044,7.292566e-05,0.0015897364,0.0,0.0,0.0,0.59741044,0.0017355878,68632.21
434,0.6198069,8.724825e-05,0.0010173388,0.0,0.0,0.0,0.6198069,0.0011918354,68632.336
435,0.65222776,4.1213934e-05,0.0014312716,0.0,0.0,0.0,0.65222776,0.0015136994,68632.47
436,0.72430253,0.0002282983,0.0025248276,0.0,0.0,0.0,0.72430253,0.0029814243,68632.49
437,0.7613567,0.0001691073,0.0015619836,0.0,0.0,0.0,0.7613567,0.0019001983,68632.62
438,0.73459345,6.965329e-05,0.001157492,0.0,0.0,0.0,0.73459345,0.0012967986,68632.76
439,0.76846486,0.0001838815,0.00085518294,0.0,0.0,0.0,0.76846486,0.001222946,68632.87
440,0.72919255,0.00015119379,0.001016587,0.0,0.0,0.0,0.72919255,0.0013189747,68632.984
441,0.7007336,8.2356906e-05,0.0012482502,0.0,0.0,0.0,0.7007336,0.001412964,68633.07
442,0.66952354,-0.00012510986,0.0014284437,0.0,0.0,0.0,0.66952354,0.0011782239,68633.23
443,0.7199603,-0.00013907137,0.0021994582,0.0,0.0,0.0,0.7199603,0.0019213154,68633.25
444,0.74548125,-8.183738e-05,0.0020186272,0.0,0.0,0.0,0.74548125,0.0018549524,68633.36
445,0.6960076,6.616017e-05,0.00083155575,0.0,0.0,0.0,0.6960076,0.0009638761,68633.555
446,0.62815475,0.00022866443,0.00031469046,0.0,0.0,0.0,0.62815475,0.0007720193,68633.77
447,0.6592414,0.0001884686,0.0009830114,0.0,0.0,0.0,0.6592414,0.0013599487,68633.836
448,0.61657304,0.0001298152,0.00038407094,0.0,0.0,0.0,0.61657304,0.00064370135,68634.016
449,0.5589063,3.7972168e-05,0.00056858215,0.0,0.0,0.0,0.5589063,0.0006445265,68634.22
450,0.5265719,-4.237107e-05,0.00074015796,0.0,0.0,0.0,0.5265719,0.0006554159,68634.36
451,0.5341441,-7.275411e-05,0.0007891084,0.0,0.0,0.0,0.5341441,0.0006436002,68634.48
452,0.67628044,-2.0853717e-05,0.0024589833,0.0,0.0,0.0,0.67628044,0.002417276,68634.47
453,0.7514247,0.00029249463,0.002069085,0.0,0.0,0.0,0.7514247,0.0026540742,68634.625
454,0.804209,0.0004086456,0.0017632815,0.0,0.0,0.0,0.804209,0.0025805729,68634.85
455,0.8667745,0.00036749046,0.002835044,0.0,0.0,0.0,0.8667745,0.0035700249,68635.05
456,0.90490305,0.00039412922,0.002550522,0.0,0.0,0.0,0.90490305,0.0033387805,68635.18
457,0.75236195,0.00027225266,0.00055869576,0.0,0.0,0.0,0.75236195,0.0011032011,68635.6
458,0.7133402,4.7237998e-05,0.0010914796,0.0,0.0,0.0,0.7133402,0.0011859555,68635.8
459,0.7997549,4.9147857e-05,0.002205593,0.0,0.0,0.0,0.7997549,0.0023038886,68635.85
460,0.84654874,9.554579e-05,0.002419545,0.0,0.0,0.0,0.84654874,0.0026106366,68635.98
461,0.82045627,0.00013357679,0.00095818687,0.0,0.0,0.0,0.82045627,0.0012253404,68636.28
462,0.7741363,3.2495114e-05,0.0011498773,0.0,0.0,0.0,0.7741363,0.0012148676,68636.54
463,0.8059311,8.713766e-05,0.0016366566,0.0,0.0,0.0,0.8059311,0.001810932,68636.69
464,0.96745825,8.5991844e-05,0.0040158387,0.0,0.0,0.0,0.96745825,0.0041878223,68636.73
465,1.0446066,7.600197e-05,0.004124331,0.0,0.0,0.0,1.0446066,0.004276335,68636.96
466,1.156765,0.0005352138,0.003365678,0.0,0.0,0.0,1.156765,0.0044361055,68637.125
467,1.013992,0.00047421345,0.0010615875,0.0,0.0,0.0,1.013992,0.0020100144,68637.64
468,0.9170859,0.00030213327,0.0018323443,0.0,0.0,0.0,0.9170859,0.0024366109,68637.92
469,0.9751084,0.00017149723,0.0028523619,0.0,0.0,0.0,0.9751084,0.0031953563,68638.016
470,1.1231923,0.00025378406,0.0039150473,0.0,0.0,0.0,1.1231923,0.0044226153,68638.05
471,1.0563307,0.0002664603,0.0021526273,0.0,0.0,0.0,1.0563307,0.0026855478,68638.39
472,0.9447003,3.9750143e-05,0.0014211152,0.0,0.0,0.0,0.9447003,0.0015006155,68638.76
473,0.9112919,2.2170821e-05,0.0024174214,0.0,0.0,0.0,0.9112919,0.002461763,68638.914
474,0.84182787,0.00027018745,0.0016987636,0.0,0.0,0.0,0.84182787,0.0022391384,68639.195
475,0.76023096,0.00017341695,0.0010665917,0.0,0.0,0.0,0.76023096,0.0014134255,68639.48
476,0.76090336,4.6974586e-05,0.0013988287,0.0,0.0,0.0,0.76090336,0.001492778,68639.63
477,0.788808,0.00010427827,0.001396157,0.0,0.0,0.0,0.788808,0.0016047135,68639.78
478,0.72551847,8.766384e-05,0.0008829555,0.0,0.0,0.0,0.72551847,0.0010582831,68639.99
479,0.7469397,0.00017446236,0.0013915793,0.0,0.0,0.0,0.7469397,0.0017405039,68640.11
480,0.7899107,0.00029803911,0.0015325547,0.0,0.0,0.0,0.7899107,0.002128633,68640.28
481,0.75892484,0.00030121225,0.0018138542,0.0,0.0,0.0,0.75892484,0.0024162787,68640.55
482,0.7499942,0.0001630825,0.0023381917,0.0,0.0,0.0,0.7499942,0.0026643567,68640.766
483,0.88166004,0.00014476973,0.0035598523,0.0,0.0,0.0,0.88166004,0.0038493916,68640.83
484,0.9262437,0.0002173133,0.002826652,0.0,0.0,0.0,0.9262437,0.0032612788,68641.125
485,0.9132195,0.00018202401,0.0021223016,0.0,0.0,0.0,0.9132195,0.0024863495,68641.32
486,0.8354099,0.00024403117,0.0016196279,0.0,0.0,0.0,0.8354099,0.0021076903,68641.65
487,0.8336487,0.00013647552,0.0024727094,0.0,0.0,0.0,0.8336487,0.0027456605,68641.83
488,0.90419835,4.2277446e-05,0.0028391425,0.0,0.0,0.0,0.90419835,0.0029236972,68641.92
489,0.9060276,0.00022412157,0.002735613,0.0,0.0,0.0,0.9060276,0.0031838561,68642.15
490,0.87525743,0.00037062023,0.002081718,0.0,0.0,0.0,0.87525743,0.0028229586,68642.414
491,0.8304693,0.00021791883,0.0023010557,0.0,0.0,0.0,0.8304693,0.0027368932,68642.63
492,0.8546646,0.00022229797,0.002585457,0.0,0.0,0.0,0.8546646,0.0030300529,68642.8
493,0.9225783,0.00020592913,0.0033441873,0.0,0.0,0.0,0.9225783,0.0037560456,68642.91
494,0.8096949,0.00024036638,0.0025128108,0.0,0.0,0.0,0.8096949,0.0029935436,68643.31
495,0.80373496,0.00029983305,0.0027578736,0.0,0.0,0.0,0.80373496,0.0033575397,68643.52
496,0.85386866,0.00022285742,0.0030888466,0.0,0.0,0.0,0.85386866,0.0035345613,68643.69
497,0.8900607,0.00016808178,0.0025149896,0.0,0.0,0.0,0.8900607,0.0028511533,68643.85
498,0.79376566,0.0001050953,0.0015501298,0.0,0.0,0.0,0.79376566,0.0017603205,68644.16
499,0.7088756,-3.438745e-05,0.0010678481,0.0,0.0,0.0,0.7088756,0.0009990731,68644.38
500,0.7715011,7.465642e-05,0.0023924874,0.0,0.0,0.0,0.7715011,0.0025418003,68644.484
501,0.81878614,0.00024623555,0.0024758694,0.0,0.0,0.0,0.81878614,0.0029683406,68644.56
502,0.75243896,0.00012944237,0.0013972556,0.0,0.0,0.0,0.75243896,0.0016561404,68644.87
503,0.66780716,8.715247e-05,0.00081889477,0.0,0.0,0.0,0.66780716,0.0009931996,68645.14
504,0.6180889,8.031093e-07,0.00083695917,0.0,0.0,0.0,0.6180889,0.00083856535,68645.36
505,0.6604911,4.2795786e-05,0.001629692,0.0,0.0,0.0,0.6604911,0.0017152836,68645.445
506,0.66380274,5.841624e-05,0.0018187747,0.0,0.0,0.0,0.66380274,0.0019356073,68645.586
507,0.72948813,4.8135033e-05,0.002328737,0.0,0.0,0.0,0.72948813,0.0024250068,68645.69
508,0.77462316,0.0001646976,0.0027392164,0.0,0.0,0.0,0.77462316,0.0030686117,68645.82
509,0.75291306,0.00011058123,0.0020050108,0.0,0.0,0.0,0.75291306,0.0022261734,68646.055
510,0.73453236,0.00013986217,0.0018603785,0.0,0.0,0.0,0.73453236,0.0021401027,68646.27
511,0.66070205,0.00011741898,0.0013555156,0.0,0.0,0.0,0.66070205,0.0015903534,68646.52
512,0.60471916,1.1866945e-05,0.0011724577,0.0,0.0,0.0,0.60471916,0.0011961915,68646.74
513,0.5626046,2.6488206e-05,0.0010458905,0.0,0.0,0.0,0.5626046,0.0010988669,68646.95
514,0.6423258,0.0001503201,0.0023703175,0.0,0.0,0.0,0.6423258,0.0026709577,68647.0
515,0.67185855,0.00015234429,0.0018415323,0.0,0.0,0.0,0.67185855,0.002146221,68647.125
516,0.6969497,0.00010040819,0.0020380337,0.0,0.0,0.0,0.6969497,0.00223885,68647.32
517,0.75709933,0.00022757432,0.0027187162,0.0,0.0,0.0,0.75709933,0.0031738647,68647.43
518,0.79363805,0.00027707254,0.0025706822,0.0,0.0,0.0,0.79363805,0.0031248275,68647.6
519,0.8839032,0.00030577963,0.0034884987,0.0,0.0,0.0,0.8839032,0.004100058,68647.74
520,0.79928774,0.0002145455,0.0025150662,0.0,0.0,0.0,0.79928774,0.0029441572,68648.11
521,0.7446531,0.00014819425,0.0025069092,0.0,0.0,0.0,0.7446531,0.0028032975,68648.37
522,0.7363647,8.498423e-05,0.0023416914,0.0,0.0,0.0,0.7363647,0.0025116596,68648.54
523,0.81390357,0.00010200165,0.0028625228,0.0,0.0,0.0,0.81390357,0.0030665263,68648.67
524,0.9212282,0.00028330798,0.0035948555,0.0,0.0,0.0,0.9212282,0.0041614715,68648.79
525,0.97478014,0.00025581435,0.0034897414,0.0,0.0,0.0,0.97478014,0.00400137,68648.97
526,0.9711008,0.0003618787,0.0031443485,0.0,0.0,0.0,0.9711008,0.0038681058,68649.28
527,1.0297256,0.00048185192,0.0032475283,0.0,0.0,0.0,1.0297256,0.004211232,68649.49
528,0.9737064,0.00040081126,0.0024149134,0.0,0.0,0.0,0.9737064,0.0032165358,68649.73
529,0.93947303,0.00023017166,0.0026103768,0.0,0.0,0.0,0.93947303,0.0030707202,68649.96
530,0.9071021,0.00016180503,0.002055216,0.0,0.0,0.0,0.9071021,0.002378826,68650.16
531,0.8762559,0.00019915817,0.0023115478,0.0,0.0,0.0,0.8762559,0.0027098642,68650.37
532,0.8939095,0.00024145644,0.0028595345,0.0,0.0,0.0,0.8939095,0.0033424473,68650.445
533,0.8650856,0.00026152062,0.0020630881,0.0,0.0,0.0,0.8650856,0.0025861291,68650.66
534,0.8127887,0.00019505408,0.0014431836,0.0,0.0,0.0,0.8127887,0.0018332918,68650.86
535,0.88015926,6.824666e-05,0.0028446696,0.0,0.0,0.0,0.88015926,0.0029811629,68650.87
536,0.84751266,7.1730894e-05,0.0023608443,0.0,0.0,0.0,0.84751266,0.0025043061,68651.11
537,0.82139415,2.8281836e-05,0.0022626058,0.0,0.0,0.0,0.82139415,0.0023191697,68651.32
538,0.77331114,0.00014811491,0.0013266064,0.0,0.0,0.0,0.77331114,0.0016228361,68651.54
539,0.7147265,0.00010931153,0.0008291317,0.0,0.0,0.0,0.7147265,0.0010477548,68651.75
540,0.7216818,6.0040733e-05,0.0018971093,0.0,0.0,0.0,0.7216818,0.0020171907,68651.84
541,0.75865364,6.3452266e-05,0.0022979197,0.0,0.0,0.0,0.75865364,0.002424824,68651.914
542,0.801957,0.00019399075,0.0025078312,0.0,0.0,0.0,0.801957,0.0028958127,68652.055
543,0.8355681,0.00011680064,0.0028702184,0.0,0.0,0.0,0.8355681,0.0031038197,68652.18
544,0.8883035,0.00019376403,0.003219136,0.0,0.0,0.0,0.8883035,0.003606664,68652.37
545,0.86996967,0.00023539105,0.0021276933,0.0,0.0,0.0,0.86996967,0.0025984754,68652.555
546,0.8189617,0.0001367348,0.0024224233,0.0,0.0,0.0,0.8189617,0.002695893,68652.805
547,0.8060766,7.718778e-05,0.0023569148,0.0,0.0,0.0,0.8060766,0.0025112904,68652.95
548,0.7106144,0.00010622192,0.0012654628,0.0,0.0,0.0,0.7106144,0.0014779066,68653.23
549,0.7281238,9.051552e-05,0.0022916745,0.0,0.0,0.0,0.7281238,0.0024727054,68653.29
550,0.7463498,8.686135e-05,0.0019714362,0.0,0.0,0.0,0.7463498,0.002145159,68653.38
551,0.77173716,0.00014089435,0.002270122,0.0,0.0,0.0,0.77173716,0.002551911,68653.46
552,0.66155493,0.00015683968,0.00067181676,0.0,0.0,0.0,0.66155493,0.0009854961,68653.77
553,0.67632544,0.00020600889,0.0017894441,0.0,0.0,0.0,0.67632544,0.0022014617,68653.82
554,0.6760251,0.00018467728,0.001661413,0.0,0.0,0.0,0.6760251,0.0020307675,68653.945
555,0.6899137,2.2022991e-06,0.002363624,0.0,0.0,0.0,0.6899137,0.0023680287,68654.08
556,0.7030076,0.00013776796,0.002022213,0.0,0.0,0.0,0.7030076,0.002297749,68654.23
557,0.62746096,0.00013074592,0.0015777685,0.0,0.0,0.0,0.62746096,0.0018392603,68654.5
558,0.5989995,0.00012779424,0.0014204264,0.0,0.0,0.0,0.5989995,0.0016760149,68654.664
559,0.70056593,0.00018489722,0.0026858244,0.0,0.0,0.0,0.70056593,0.003055619,68654.6
560,0.6225864,6.905035e-05,0.001548849,0.0,0.0,0.0,0.6225864,0.0016869497,68654.87
561,0.5908338,6.59949e-05,0.0014945165,0.0,0.0,0.0,0.5908338,0.0016265063,68655.02
562,0.6298657,3.8215647e-05,0.0019780525,0.0,0.0,0.0,0.6298657,0.0020544839,68655.06
563,0.6577084,3.6134094e-05,0.0021072105,0.0,0.0,0.0,0.6577084,0.0021794788,68655.18
564,0.6024579,0.00012331092,0.0013729483,0.0,0.0,0.0,0.6024579,0.0016195702,68655.44
565,0.6303533,0.00013456783,0.0022663805,0.0,0.0,0.0,0.6303533,0.002535516,68655.56
566,0.66160965,0.00012646388,0.0024029224,0.0,0.0,0.0,0.66160965,0.00265585,68655.67
567,0.6942574,0.00019466333,0.0022685095,0.0,0.0,0.0,0.6942574,0.0026578363,68655.78
568,0.71988463,0.00015208856,0.0029805503,0.0,0.0,0.0,0.71988463,0.0032847272,68655.89
569,0.89756626,0.00010770258,0.004600048,0.0,0.0,0.0,0.89756626,0.0048154537,68655.84
570,1.0565797,0.0004277265,0.004530467,0.0,0.0,0.0,1.0565797,0.0053859204,68655.97
571,1.0641913,0.0005107928,0.0033414012,0.0,0.0,0.0,1.0641913,0.004362987,68656.26
572,0.9704838,0.00044986457,0.0017996652,0.0,0.0,0.0,0.9704838,0.0026993945,68656.52
573,0.7905577,0.00025106934,0.0013053365,0.0,0.0,0.0,0.7905577,0.0018074751,68656.91
574,0.65815747,8.087117e-05,0.0012076879,0.0,0.0,0.0,0.65815747,0.0013694302,68657.13
575,0.59058535,4.527658e-05,0.0009376014,0.0,0.0,0.0,0.59058535,0.0010281545,68657.266
576,0.62532544,7.5157106e-05,0.0017527053,0.0,0.0,0.0,0.62532544,0.0019030196,68657.23
577,0.5905511,6.118094e-05,0.0014190992,0.0,0.0,0.0,0.5905511,0.001541461,68657.31
578,0.54871136,3.1668216e-05,0.0010805149,0.0,0.0,0.0,0.54871136,0.0011438513,68657.375
579,0.5224731,6.1307874e-05,0.0011846964,0.0,0.0,0.0,0.5224731,0.0013073123,68657.45
580,0.53803796,9.628661e-05,0.0016420698,0.0,0.0,0.0,0.53803796,0.0018346431,68657.5
581,0.564331,0.00015007696,0.0018753902,0.0,0.0,0.0,0.564331,0.0021755442,68657.586
582,0.6487178,0.00021908662,0.0024583156,0.0,0.0,0.0,0.6487178,0.0028964889,68657.6
583,0.7025948,0.00018509521,0.0033486364,0.0,0.0,0.0,0.7025948,0.003718827,68657.66
584,0.74750555,5.639049e-05,0.004026912,0.0,0.0,0.0,0.74750555,0.0041396935,68657.77
585,0.7860837,0.00045561296,0.0034170733,0.0,0.0,0.0,0.7860837,0.0043282993,68658.04
586,0.81989205,0.00034470728,0.0038306727,0.0,0.0,0.0,0.81989205,0.004520087,68658.16
587,0.8022205,0.00032661465,0.0030026964,0.0,0.0,0.0,0.8022205,0.0036559256,68658.41
588,0.7723474,0.00031092795,0.0030534093,0.0,0.0,0.0,0.7723474,0.003675265,68658.664
589,0.78690016,0.00033920078,0.0029989507,0.0,0.0,0.0,0.78690016,0.003677352,68658.76
590,0.7185799,0.00032303514,0.0017360207,0.0,0.0,0.0,0.7185799,0.0023820908,68658.93
591,0.70395714,0.00025194554,0.0022060003,0.0,0.0,0.0,0.70395714,0.0027098914,68659.016
592,0.7410419,0.00021238349,0.0021415728,0.0,0.0,0.0,0.7410419,0.0025663397,68659.0
593,0.67007506,0.00017066223,0.0011486559,0.0,0.0,0.0,0.67007506,0.0014899803,68659.14
594,0.60167444,0.000109376204,0.0009858861,0.0,0.0,0.0,0.60167444,0.0012046384,68659.23
595,0.58095527,0.00012391152,0.0012888407,0.0,0.0,0.0,0.58095527,0.0015366637,68659.22
596,0.5687833,0.00016639463,0.0011992416,0.0,0.0,0.0,0.5687833,0.0015320309,68659.18
597,0.4981445,8.92003e-05,0.0007261398,0.0,0.0,0.0,0.4981445,0.0009045404,68659.24
598,0.45476246,4.6698005e-05,0.00053299876,0.0,0.0,0.0,0.45476246,0.0006263948,68659.305
599,0.47356322,1.1887817e-05,0.0014421679,0.0,0.0,0.0,0.47356322,0.0014659436,68659.25
600,0.48092955,-2.0936879e-05,0.0014328582,0.0,0.0,0.0,0.48092955,0.0013909845,68659.25
601,0.43215021,1.0306219e-05,0.0006980813,0.0,0.0,0.0,0.43215021,0.0007186937,68659.35
602,0.5082408,9.291135e-05,0.0022439703,0.0,0.0,0.0,0.5082408,0.002429793,68659.266
603,0.60343355,0.00022299166,0.002464695,0.0,0.0,0.0,0.60343355,0.0029106783,68659.195
604,0.6058315,0.00028476727,0.0021972368,0.0,0.0,0.0,0.6058315,0.0027667712,68659.32
605,0.5526571,0.00022162891,0.0010129284,0.0,0.0,0.0,0.5526571,0.0014561863,68659.48
606,0.54718626,0.00024791248,0.0012729152,0.0,0.0,0.0,0.54718626,0.0017687401,68659.53
607,0.55525476,0.00021761078,0.0018552224,0.0,0.0,0.0,0.55525476,0.002290444,68659.59
608,0.54752916,0.00015143046,0.0017517796,0.0,0.0,0.0,0.54752916,0.0020546406,68659.68
609,0.55297357,0.00023086571,0.0018387241,0.0,0.0,0.0,0.55297357,0.0023004557,68659.766
610,0.52171147,0.00013856163,0.0011323938,0.0,0.0,0.0,0.52171147,0.001409517,68659.91
611,0.5673871,0.00019356424,0.0020008357,0.0,0.0,0.0,0.5673871,0.0023879642,68659.9
612,0.63321525,0.0002975837,0.002208236,0.0,0.0,0.0,0.63321525,0.0028034032,68659.9
613,0.5815681,0.0001757339,0.0015833877,0.0,0.0,0.0,0.5815681,0.0019348556,68660.01
614,0.5365352,0.00010396635,0.0014250028,0.0,0.0,0.0,0.5365352,0.0016329355,68660.11
615,0.50759614,0.0001336107,0.0009909245,0.0,0.0,0.0,0.50759614,0.0012581459,68660.19
616,0.4791596,0.00013140809,0.00075607764,0.0,0.0,0.0,0.4791596,0.0010188938,68660.266
617,0.4701723,0.00016034863,0.0009360799,0.0,0.0,0.0,0.4701723,0.0012567771,68660.336
618,0.5384894,6.4285196e-05,0.0019079292,0.0,0.0,0.0,0.5384894,0.0020364996,68660.26
619,0.49280924,7.393759e-05,0.0009908472,0.0,0.0,0.0,0.49280924,0.0011387224,68660.36
620,0.44663602,3.3143984e-05,0.0009133202,0.0,0.0,0.0,0.44663602,0.0009796082,68660.45
621,0.43579763,4.3004336e-05,0.0008976677,0.0,0.0,0.0,0.43579763,0.0009836764,68660.484
622,0.41662222,1.742025e-05,0.00071785884,0.0,0.0,0.0,0.41662222,0.0007526994,68660.55
623,0.41545117,7.471052e-05,0.00096940104,0.0,0.0,0.0,0.41545117,0.001118822,68660.56
624,0.3758952,2.7556718e-05,0.00042022576,0.0,0.0,0.0,0.3758952,0.0004753392,68660.65
625,0.33787602,2.0746542e-05,0.00049206166,0.0,0.0,0.0,0.33787602,0.00053355476,68660.7
626,0.31277156,-3.3553966e-05,0.0003706152,0.0,0.0,0.0,0.31277156,0.00030350726,68660.72
627,0.30537227,-2.2774273e-06,0.00046985902,0.0,0.0,0.0,0.30537227,0.00046530415,68660.72
628,0.31448382,-2.9648515e-06,0.0007769874,0.0,0.0,0.0,0.31448382,0.0007710577,68660.7
629,0.36034137,1.6363667e-05,0.0010394879,0.0,0.0,0.0,0.36034137,0.0010722153,68660.66
630,0.33936864,1.8711034e-05,0.00039785448,0.0,0.0,0.0,0.33936864,0.00043527654,68660.72
631,0.27816752,-5.398585e-06,5.436672e-05,0.0,0.0,0.0,0.27816752,4.3569547e-05,68660.82
632,0.26434797,-1.7288135e-05,0.00020590323,0.0,0.0,0.0,0.26434797,0.00017132694,68660.85
633,0.28018358,3.7818263e-05,0.0004584138,0.0,0.0,0.0,0.28018358,0.00053405034,68660.836
634,0.25400564,1.779086e-05,0.00017737738,0.0,0.0,0.0,0.25400564,0.00021295912,68660.88
635,0.23352262,1.0198367e-05,0.00018195144,0.0,0.0,0.0,0.23352262,0.00020234816,68660.914
636,0.2457545,2.6788246e-05,0.00041565415,0.0,0.0,0.0,0.2457545,0.00046923064,68660.89
637,0.26090908,1.1182299e-05,0.00062758836,0.0,0.0,0.0,0.26090908,0.0006499529,68660.88
638,0.2747945,2.173952e-05,0.00065008074,0.0,0.0,0.0,0.2747945,0.00069355976,68660.88
639,0.264621,3.670556e-05,0.00044012914,0.0,0.0,0.0,0.264621,0.0005135403,68660.945
640,0.28001285,6.19799e-05,0.00068347156,0.0,0.0,0.0,0.28001285,0.0008074314,68660.97
641,0.2888959,0.000104096296,0.00064289314,0.0,0.0,0.0,0.2888959,0.00085108576,68660.99
642,0.26284134,9.00729e-05,0.00034279545,0.0,0.0,0.0,0.26284134,0.00052294123,68661.06
643,0.24140385,6.0187755e-05,0.00026802433,0.0,0.0,0.0,0.24140385,0.00038839987,68661.1
644,0.22868894,3.512293e-05,5.185778e-05,0.0,0.0,0.0,0.22868894,0.00012210364,68661.125
645,0.21231203,1.4391522e-05,2.9444283e-05,0.0,0.0,0.0,0.21231203,5.8227328e-05,68661.14
646,0.21042278,2.209075e-06,0.00022601307,0.0,0.0,0.0,0.21042278,0.00023043121,68661.125
647,0.20052734,8.818528e-06,0.00015987811,0.0,0.0,0.0,0.20052734,0.00017751518,68661.14
648,0.18545952,-2.4381312e-05,8.903452e-05,0.0,0.0,0.0,0.18545952,4.0271894e-05,68661.15
649,0.17719084,-3.573709e-05,9.872433e-05,0.0,0.0,0.0,0.17719084,2.7250157e-05,68661.164
650,0.16689992,-4.2768042e-05,1.3174609e-06,0.0,0.0,0.0,0.16689992,-8.421863e-05,68661.19
651,0.15795699,-4.1752854e-05,-4.4358214e-05,0.0,0.0,0.0,0.15795699,-0.00012786392,68661.2
652,0.1678311,-3.4792985e-05,0.00020957482,0.0,0.0,0.0,0.1678311,0.00013998884,68661.195
653,0.17832258,1.1853559e-05,0.00024737942,0.0,0.0,0.0,0.17832258,0.00027108652,68661.195
654,0.17267317,3.574602e-05,4.016274e-05,0.0,0.0,0.0,0.17267317,0.00011165478,68661.22
655,0.16589506,2.5073192e-05,9.097635e-05,0.0,0.0,0.0,0.16589506,0.00014112273,68661.23
656,0.15277016,2.1058124e-06,6.33705e-05,0.0,0.0,0.0,0.15277016,6.758213e-05,68661.25
657,0.14599665,-5.09704e-06,0.00014689204,0.0,0.0,0.0,0.14599665,0.00013669796,68661.26
658,0.13488522,-1.3043459e-05,3.5215257e-05,0.0,0.0,0.0,0.13488522,9.128337e-06,68661.28
659,0.12990414,-1.749732e-05,1.1601941e-05,0.0,0.0,0.0,0.12990414,-2.3392698e-05,68661.3
660,0.12896754,-5.7530524e-06,3.9479473e-05,0.0,0.0,0.0,0.12896754,2.7973369e-05,68661.305
661,0.12842703,2.2578754e-06,3.7851707e-05,0.0,0.0,0.0,0.12842703,4.2367457e-05,68661.31
662,0.12549253,9.450469e-06,1.8830979e-05,0.0,0.0,0.0,0.12549253,3.7731916e-05,68661.32
663,0.11653238,6.7833284e-06,-2.2293843e-05,0.0,0.0,0.0,0.11653238,-8.727187e-06,68661.336
664,0.10963271,-2.8537766e-06,-2.406236e-06,0.0,0.0,0.0,0.10963271,-8.11379e-06,68661.34
665,0.10546706,-1.20842315e-05,2.8602479e-05,0.0,0.0,0.0,0.10546706,4.434015e-06,68661.36
666,0.11396364,-7.644413e-06,0.00018033103,0.0,0.0,0.0,0.11396364,0.0001650422,68661.36
667,0.10986569,4.560348e-06,2.653565e-05,0.0,0.0,0.0,0.10986569,3.5656347e-05,68661.38
668,0.10467612,1.2971641e-05,-1.020869e-05,0.0,0.0,0.0,0.10467612,1.5734593e-05,68661.4
669,0.10057927,1.2114616e-05,-3.0297817e-05,0.0,0.0,0.0,0.10057927,-6.0685843e-06,68661.414
670,0.1050939,-5.4376833e-06,0.00016281585,0.0,0.0,0.0,0.1050939,0.00015194048,68661.42
671,0.099589854,-1.2657466e-05,0.000120369215,0.0,0.0,0.0,0.099589854,9.505428e-05,68661.445
672,0.09384916,-2.8368486e-05,9.447224e-05,0.0,0.0,0.0,0.09384916,3.773527e-05,68661.46
673,0.091117896,-3.536631e-05,6.492226e-05,0.0,0.0,0.0,0.091117896,-5.8103615e-06,68661.48
674,0.09005245,-2.795238e-05,6.669008e-05,0.0,0.0,0.0,0.09005245,1.0785321e-05,68661.484
675,0.08511863,-1.651736e-05,-2.7649445e-09,0.0,0.0,0.0,0.08511863,-3.3037486e-05,68661.51
676,0.08737852,-7.779501e-06,3.6523717e-05,0.0,0.0,0.0,0.08737852,2.0964715e-05,68661.516
677,0.084008224,4.3039954e-06,-1.1033853e-05,0.0,0.0,0.0,0.084008224,-2.4258625e-06,68661.53
678,0.08245528,2.6435764e-06,-1.8700031e-05,0.0,0.0,0.0,0.08245528,-1.34128795e-05,68661.55
679,0.08050654,-5.141648e-06,-2.7870838e-05,0.0,0.0,0.0,0.08050654,-3.8154132e-05,68661.56
680,0.07737809,-1.1764815e-05,-2.6731928e-05,0.0,0.0,0.0,0.07737809,-5.026156e-05,68661.586
681,0.07517146,-1.6351738e-05,9.134434e-06,0.0,0.0,0.0,0.07517146,-2.3569042e-05,68661.6
682,0.07429926,-2.4853967e-05,3.3102922e-05,0.0,0.0,0.0,0.07429926,-1.6605012e-05,68661.61
683,0.07464512,-2.9307237e-05,3.848844e-05,0.0,0.0,0.0,0.07464512,-2.0126034e-05,68661.625
684,0.074321784,-2.3494786e-05,1.5583759e-05,0.0,0.0,0.0,0.074321784,-3.1405812e-05,68661.63
685,0.072546385,-1.13369715e-05,-1.4840113e-05,0.0,0.0,0.0,0.072546385,-3.7514055e-05,68661.65
686,0.069879755,-1.8200305e-06,-2.8963006e-05,0.0,0.0,0.0,0.069879755,-3.2603068e-05,68661.67
687,0.067212164,3.6628148e-07,-2.1686597e-05,0.0,0.0,0.0,0.067212164,-2.0954036e-05,68661.69
688,0.06518217,-2.5968304e-06,-3.4364268e-06,0.0,0.0,0.0,0.06518217,-8.630088e-06,68661.7
689,0.064063326,-5.984749e-06,1.0843119e-05,0.0,0.0,0.0,0.064063326,-1.1263792e-06,68661.72
690,0.063337535,-7.0216847e-06,1.1792569e-05,0.0,0.0,0.0,0.063337535,-2.2508002e-06,68661.734
691,0.062088877,-7.2888283e-06,3.7415514e-06,0.0,0.0,0.0,0.062088877,-1.08361055e-05,68661.76
692,0.060194626,-9.79394e-06,-1.1925573e-06,0.0,0.0,0.0,0.060194626,-2.0780437e-05,68661.77
693,0.058461636,-1.4502315e-05,1.8991663e-07,0.0,0.0,0.0,0.058461636,-2.8814713e-05,68661.79
694,0.05749843,-1.7784825e-05,2.0594266e-06,0.0,0.0,0.0,0.05749843,-3.3510223e-05,68661.81
695,0.056935523,-1.7089538e-05,8.1154974e-07,0.0,0.0,0.0,0.056935523,-3.3367527e-05,68661.836
696,0.05596043,-1.3854963e-05,-1.6968316e-07,0.0,0.0,0.0,0.05596043,-2.787961e-05,68661.86
697,0.054495692,-1.0936824e-05,4.4875683e-06,0.0,0.0,0.0,0.054495692,-1.7386079e-05,68661.88
698,0.053197544,-9.368854e-06,1.13371325e-05,0.0,0.0,0.0,0.053197544,-7.4005757e-06,68661.91
699,0.052341655,-7.826834e-06,7.889886e-06,0.0,0.0,0.0,0.052341655,-7.763782e-06,68661.93
700,0.051265366,-5.7127318e-06,-1.0557398e-05,0.0,0.0,0.0,0.051265366,-2.1982862e-05,68661.96
701,0.049385015,-4.6953046e-06,-2.880056e-05,0.0,0.0,0.0,0.049385015,-3.8191167e-05,68661.984
702,0.047362387,-5.0058325e-06,-2.5196357e-05,0.0,0.0,0.0,0.047362387,-3.5208024e-05,68662.016
703,0.046638284,-4.938087e-06,-1.1042371e-06,0.0,0.0,0.0,0.046638284,-1.0980411e-05,68662.05
704,0.047429863,-4.754984e-06,1.9233372e-05,0.0,0.0,0.0,0.047429863,9.723404e-06,68662.07
705,0.048145797,-5.6000536e-06,1.6465845e-05,0.0,0.0,0.0,0.048145797,5.265738e-06,68662.1
706,0.047389247,-7.360178e-06,-3.8599815e-06,0.0,0.0,0.0,0.047389247,-1.8580338e-05,68662.13
707,0.045416,-9.109899e-06,-1.9384415e-05,0.0,0.0,0.0,0.045416,-3.7604215e-05,68662.164
708,0.043366995,-1.014251e-05,-1.6238084e-05,0.0,0.0,0.0,0.043366995,-3.6523103e-05,68662.195
709,0.042129353,-9.8333585e-06,-7.139818e-07,0.0,0.0,0.0,0.042129353,-2.03807e-05,68662.23
710,0.042099893,-6.791248e-06,1.0592385e-05,0.0,0.0,0.0,0.042099893,-2.9901112e-06,68662.266
711,0.04326304,5.2525115e-07,6.5254367e-06,0.0,0.0,0.0,0.04326304,7.575939e-06,68662.3
712,0.045108553,1.0784708e-05,-9.999734e-06,0.0,0.0,0.0,0.045108553,1.1569682e-05,68662.336
713,0.04686741,2.0358322e-05,-2.553727e-05,0.0,0.0,0.0,0.04686741,1.5179374e-05,68662.37
714,0.048270393,2.6121565e-05,-3.0401785e-05,0.0,0.0,0.0,0.048270393,2.1841344e-05,68662.41
715,0.04957908,2.4655084e-05,-2.6968051e-05,0.0,0.0,0.0,0.04957908,2.2342118e-05,68662.44
716,0.050742175,1.4934383e-05,-2.0113048e-05,0.0,0.0,0.0,0.050742175,9.755719e-06,68662.48
717,0.051393982,1.5224605e-06,-7.3409374e-06,0.0,0.0,0.0,0.051393982,-4.2960164e-06,68662.516
718,0.05149357,-9.856878e-06,1.1671107e-05,0.0,0.0,0.0,0.05149357,-8.042649e-06,68662.555
719,0.051114194,-1.6991924e-05,2.5761312e-05,0.0,0.0,0.0,0.051114194,-8.222536e-06,68662.59
720,0.049906243,-2.1194966e-05,2.4407298e-05,0.0,0.0,0.0,0.049906243,-1.7982635e-05,68662.63
721,0.047537424,-2.4451077e-05,1.3068917e-05,0.0,0.0,0.0,0.047537424,-3.583324e-05,68662.68
722,0.044579037,-2.6834317e-05,7.3651804e-06,0.0,0.0,0.0,0.044579037,-4.6303452e-05,68662.73
723,0.042269148,-2.7241227e-05,1.3968257e-05,0.0,0.0,0.0,0.042269148,-4.05142e-05,68662.77
724,0.041103818,-2.5220157e-05,2.2764298e-05,0.0,0.0,0.0,0.041103818,-2.7676017e-05,68662.82
725,0.040231116,-2.1592381e-05,2.0487625e-05,0.0,0.0,0.0,0.040231116,-2.2697137e-05,68662.87
726,0.038552694,-1.7432023e-05,8.470993e-06,0.0,0.0,0.0,0.038552694,-2.6393052e-05,68662.914
727,0.03604578,-1.3152696e-05,1.284114e-06,0.0,0.0,0.0,0.03604578,-2.5021278e-05,68662.96
728,0.033699073,-9.315552e-06,8.182077e-06,0.0,0.0,0.0,0.033699073,-1.0449027e-05,68663.01
729,0.03242227,-6.483655e-06,2.1969316e-05,0.0,0.0,0.0,0.03242227,9.002006e-06,68663.055
730,0.032347158,-3.534442e-06,2.7789169e-05,0.0,0.0,0.0,0.032347158,2.0720285e-05,68663.11
731,0.03298282,1.3703756e-06,1.8931065e-05,0.0,0.0,0.0,0.03298282,2.1671816e-05,68663.16
732,0.033727385,7.6184933e-06,2.1028336e-06,0.0,0.0,0.0,0.033727385,1.733982e-05,68663.2
733,0.03423599,1.173344e-05,-1.0059846e-05,0.0,0.0,0.0,0.03423599,1.3407034e-05,68663.26
734,0.0344998,1.0574007e-05,-9.277748e-06,0.0,0.0,0.0,0.0344998,1.18702665e-05,68663.31
735,0.034741506,4.6631994e-06,2.6223652e-06,0.0,0.0,0.0,0.034741506,1.1948764e-05,68663.36
736,0.035305228,-1.4338854e-06,1.5366752e-05,0.0,0.0,0.0,0.035305228,1.249898e-05,68663.414
737,0.036309842,-2.5616469e-06,1.7621309e-05,0.0,0.0,0.0,0.036309842,1.2498016e-05,68663.46
738,0.037274785,1.9085192e-06,4.940002e-06,0.0,0.0,0.0,0.037274785,8.757041e-06,68663.51
739,0.037474465,7.2295306e-06,-1.50384985e-05,0.0,0.0,0.0,0.037474465,-5.7943726e-07,68663.56
740,0.036878552,9.078904e-06,-2.7087683e-05,0.0,0.0,0.0,0.036878552,-8.929873e-06,68663.625
741,0.036332063,7.705994e-06,-2.2265693e-05,0.0,0.0,0.0,0.036332063,-6.8537047e-06,68663.68
742,0.03642097,4.5784664e-06,-6.409808e-06,0.0,0.0,0.0,0.03642097,2.7471247e-06,68663.734
743,0.036559556,-6.9622115e-07,7.3970696e-06,0.0,0.0,0.0,0.036559556,6.0046277e-06,68663.8
744,0.03583456,-7.583977e-06,1.3282823e-05,0.0,0.0,0.0,0.03583456,-1.8851315e-06,68663.85
745,0.03434632,-1.2560138e-05,1.4349523e-05,0.0,0.0,0.0,0.03434632,-1.0770754e-05,68663.914
746,0.03303615,-1.1758582e-05,1.1975637e-05,0.0,0.0,0.0,0.03303615,-1.1541528e-05,68663.97
747,0.032394428,-3.9576125e-06,1.5682141e-06,0.0,0.0,0.0,0.032394428,-6.347011e-06,68664.02
748,0.031972043,8.327758e-06,-1.7073624e-05,0.0,0.0,0.0,0.031972043,-4.1810745e-07,68664.086
749,0.03134469,1.8800618e-05,-3.231953e-05,0.0,0.0,0.0,0.03134469,5.281705e-06,68664.15
750,0.031012587,2.1424858e-05,-2.9567918e-05,0.0,0.0,0.0,0.031012587,1.3281797e-05,68664.21
751,0.031908095,1.6068641e-05,-7.5610474e-06,0.0,0.0,0.0,0.031908095,2.4576235e-05,68664.27
752,0.03415261,7.896087e-06,1.6538364e-05,0.0,0.0,0.0,0.03415261,3.233054e-05,68664.336
753,0.036438618,1.521262e-06,2.154393e-05,0.0,0.0,0.0,0.036438618,2.4586456e-05,68664.41
754,0.036919065,-2.8948812e-06,5.374508e-06,0.0,0.0,0.0,0.036919065,-4.1525436e-07,68664.47
755,0.03515277,-7.9204465e-06,-1.0338174e-05,0.0,0.0,0.0,0.03515277,-2.6179066e-05,68664.54
756,0.032710653,-1.49241505e-05,-5.389004e-06,0.0,0.0,0.0,0.032710653,-3.5237306e-05,68664.61
757,0.031224154,-2.233901e-05,1.4706825e-05,0.0,0.0,0.0,0.031224154,-2.9971197e-05,68664.67
758,0.03052919,-2.6719703e-05,2.7195028e-05,0.0,0.0,0.0,0.03052919,-2.6244377e-05,68664.734
759,0.029451989,-2.553311e-05,2.0204547e-05,0.0,0.0,0.0,0.029451989,-3.0861673e-05,68664.805
760,0.02773504,-1.9364948e-05,1.6525279e-06,0.0,0.0,0.0,0.02773504,-3.707737e-05,68664.875
761,0.026191434,-1.165167e-05,-1.3927147e-05,0.0,0.0,0.0,0.026191434,-3.723049e-05,68664.94
762,0.025365766,-6.1558385e-06,-1.8337536e-05,0.0,0.0,0.0,0.025365766,-3.0649215e-05,68664.984
763,0.025028747,-4.4355547e-06,-1.1638414e-05,0.0,0.0,0.0,0.025028747,-2.0509524e-05,68665.05
764,0.0249168,-4.97797e-06,-6.4922256e-07,0.0,0.0,0.0,0.0249168,-1.0605163e-05,68665.11
765,0.025190635,-4.6578334e-06,4.363359e-06,0.0,0.0,0.0,0.025190635,-4.952308e-06,68665.17
766,0.026003744,-1.6486713e-06,-1.8022678e-06,0.0,0.0,0.0,0.026003744,-5.0996105e-06,68665.23
767,0.027102988,3.1727727e-06,-1.3661664e-05,0.0,0.0,0.0,0.027102988,-7.3161186e-06,68665.27
768,0.028018916,7.358556e-06,-1.9202218e-05,0.0,0.0,0.0,0.028018916,-4.485106e-06,68665.336
769,0.028662555,9.264684e-06,-1.2840972e-05,0.0,0.0,0.0,0.028662555,5.6883964e-06,68665.4
770,0.029390665,8.754903e-06,-1.9319264e-06,0.0,0.0,0.0,0.029390665,1.557788e-05,68665.46
771,0.030304765,6.900157e-06,2.2501915e-06,0.0,0.0,0.0,0.030304765,1.6050506e-05,68665.516
772,0.031082254,5.3134017e-06,-2.4854057e-06,0.0,0.0,0.0,0.031082254,8.141398e-06,68665.56
773,0.031433508,4.7875583e-06,-8.667158e-06,0.0,0.0,0.0,0.031433508,9.0795857e-07,68665.61
774,0.031287223,5.2368873e-06,-1.0147218e-05,0.0,0.0,0.0,0.031287223,3.265568e-07,68665.664
775,0.030752594,6.305609e-06,-7.3771716e-06,0.0,0.0,0.0,0.030752594,5.2340465e-06,68665.72
776,0.030170536,7.2869016e-06,-3.130422e-06,0.0,0.0,0.0,0.030170536,1.1443381e-05,68665.77
777,0.029969797,7.3712704e-06,1.3252185e-06,0.0,0.0,0.0,0.029969797,1.606776e-05,68665.82
778,0.030261662,5.797465e-06,5.1573647e-06,0.0,0.0,0.0,0.030261662,1.6752294e-05,68665.87
779,0.030616058,2.38957e-06,7.0891533e-06,0.0,0.0,0.0,0.030616058,1.1868293e-05,68665.92
780,0.030479493,-1.2937348e-06,9.031142e-06,0.0,0.0,0.0,0.030479493,6.443673e-06,68665.98
